Time;Output 1;Output 2;Output 3;Output 4
15:47:05;HIGHACTIVE;LOWACTIVE;HIGHACTIVE;LOWACTIVE
15:47:06;HIGHACTIVE;LOWACTIVE;HIGHACTIVE;LOWACTIVE
15:47:07;HIGHACTIVE;LOWACTIVE;HIGHACTIVE;LOWACTIVE
15:47:08;HIGHACTIVE;LOWACTIVE;HIGHACTIVE;LOWACTIVE
15:47:09;HIGHACTIVE;LOWACTIVE;HIGHACTIVE;LOWACTIVE
15:47:10;HIGHACTIVE;LOWACTIVE;HIGHACTIVE;LOWACTIVE
15:47:11;HIGHACTIVE;LOWACTIVE;HIGHACTIVE;LOWACTIVE
15:47:12;HIGHACTIVE;LOWACTIVE;HIGHACTIVE;LOWACTIVE
15:47:13;HIGHACTIVE;LOWACTIVE;HIGHACTIVE;LOWACTIVE
15:47:14;HIGHACTIVE;LOWACTIVE;HIGHACTIVE;LOWACTIVE
15:47:15;HIGHACTIVE;LOWACTIVE;HIGHACTIVE;LOWACTIVE
15:47:16;HIGHACTIVE;LOWACTIVE;HIGHACTIVE;LOWACTIVE
15:47:17;HIGHACTIVE;LOWACTIVE;HIGHACTIVE;LOWACTIVE
15:47:18;HIGHACTIVE;LOWACTIVE;HIGHACTIVE;LOWACTIVE
15:47:19;HIGHACTIVE;LOWACTIVE;HIGHACTIVE;LOWACTIVE
15:47:20;HIGHACTIVE;LOWACTIVE;HIGHACTIVE;LOWACTIVE
15:47:21;HIGHACTIVE;LOWACTIVE;HIGHACTIVE;LOWACTIVE
15:47:22;HIGHACTIVE;LOWACTIVE;HIGHACTIVE;LOWACTIVE
15:47:23;HIGHACTIVE;LOWACTIVE;HIGHACTIVE;LOWACTIVE
15:47:24;HIGHACTIVE;LOWACTIVE;HIGHACTIVE;LOWACTIVE
15:47:25;HIGHACTIVE;LOWACTIVE;HIGHACTIVE;LOWACTIVE
15:47:26;HIGHACTIVE;LOWACTIVE;HIGHACTIVE;LOWACTIVE
15:47:27;HIGHACTIVE;LOWACTIVE;HIGHACTIVE;LOWACTIVE
15:47:28;HIGHACTIVE;LOWACTIVE;HIGHACTIVE;LOWACTIVE
15:47:30;HIGHACTIVE;LOWACTIVE;HIGHACTIVE;LOWACTIVE
15:47:31;HIGHACTIVE;LOWACTIVE;HIGHACTIVE;LOWACTIVE
15:47:32;HIGHACTIVE;LOWACTIVE;HIGHACTIVE;LOWACTIVE
15:47:33;HIGHACTIVE;LOWACTIVE;HIGHACTIVE;LOWACTIVE
15:47:34;HIGHACTIVE;LOWACTIVE;HIGHACTIVE;LOWACTIVE
15:47:35;HIGHACTIVE;LOWACTIVE;HIGHACTIVE;LOWACTIVE
15:47:36;HIGHACTIVE;LOWACTIVE;HIGHACTIVE;LOWACTIVE
15:47:37;HIGHACTIVE;LOWACTIVE;HIGHACTIVE;LOWACTIVE
15:47:38;HIGHACTIVE;LOWACTIVE;HIGHACTIVE;LOWACTIVE
15:47:39;HIGHACTIVE;LOWACTIVE;HIGHACTIVE;LOWACTIVE
15:47:40;HIGHACTIVE;LOWACTIVE;HIGHACTIVE;LOWACTIVE
15:47:41;HIGHACTIVE;LOWACTIVE;HIGHACTIVE;LOWACTIVE
15:47:42;HIGHACTIVE;LOWACTIVE;HIGHACTIVE;LOWACTIVE
15:47:43;HIGHACTIVE;LOWACTIVE;HIGHACTIVE;LOWACTIVE
15:47:44;HIGHACTIVE;LOWACTIVE;HIGHACTIVE;LOWACTIVE
15:47:45;HIGHACTIVE;LOWACTIVE;HIGHACTIVE;LOWACTIVE
15:47:46;HIGHACTIVE;LOWACTIVE;HIGHACTIVE;LOWACTIVE
15:47:47;HIGHACTIVE;LOWACTIVE;HIGHACTIVE;LOWACTIVE
15:47:48;HIGHACTIVE;LOWACTIVE;HIGHACTIVE;LOWACTIVE
15:47:49;HIGHACTIVE;LOWACTIVE;HIGHACTIVE;LOWACTIVE
15:47:50;HIGHACTIVE;LOWACTIVE;HIGHACTIVE;LOWACTIVE
15:47:51;HIGHACTIVE;LOWACTIVE;HIGHACTIVE;LOWACTIVE
15:47:52;HIGHACTIVE;LOWACTIVE;HIGHACTIVE;LOWACTIVE
15:47:53;HIGHACTIVE;LOWACTIVE;HIGHACTIVE;LOWACTIVE
15:47:54;HIGHACTIVE;;;
15:47:55;;LOWACTIVE;HIGHACTIVE;LOWACTIVE
15:47:56;HIGHACTIVE;LOWACTIVE;HIGHACTIVE;LOWACTIVE
15:47:57;HIGHACTIVE;LOWACTIVE;HIGHACTIVE;LOWACTIVE
15:47:58;HIGHACTIVE;LOWACTIVE;HIGHACTIVE;LOWACTIVE
15:47:59;HIGHACTIVE;LOWACTIVE;HIGHACTIVE;LOWACTIVE
15:48:00;HIGHACTIVE;LOWACTIVE;HIGHACTIVE;LOWACTIVE
15:48:01;HIGHACTIVE;LOWACTIVE;HIGHACTIVE;LOWACTIVE
15:48:02;HIGHACTIVE;LOWACTIVE;HIGHACTIVE;LOWACTIVE
15:48:03;HIGHACTIVE;LOWACTIVE;HIGHACTIVE;LOWACTIVE
15:48:04;HIGHACTIVE;LOWACTIVE;HIGHACTIVE;LOWACTIVE
15:48:05;HIGHACTIVE;LOWACTIVE;HIGHACTIVE;LOWACTIVE
15:48:06;HIGHACTIVE;LOWACTIVE;HIGHACTIVE;LOWACTIVE
15:48:07;HIGHACTIVE;LOWACTIVE;HIGHACTIVE;LOWACTIVE
15:48:08;HIGHACTIVE;LOWACTIVE;HIGHACTIVE;LOWACTIVE
15:48:09;HIGHACTIVE;LOWACTIVE;HIGHACTIVE;LOWACTIVE
15:48:10;HIGHACTIVE;LOWACTIVE;HIGHACTIVE;LOWACTIVE
15:48:11;HIGHACTIVE;LOWACTIVE;HIGHACTIVE;LOWACTIVE
15:48:12;HIGHACTIVE;LOWACTIVE;HIGHACTIVE;LOWACTIVE
15:48:13;HIGHACTIVE;LOWACTIVE;HIGHACTIVE;LOWACTIVE
15:48:14;HIGHACTIVE;LOWACTIVE;HIGHACTIVE;LOWACTIVE
15:48:15;HIGHACTIVE;LOWACTIVE;HIGHACTIVE;LOWACTIVE
15:48:16;HIGHACTIVE;LOWACTIVE;HIGHACTIVE;LOWACTIVE
15:48:17;HIGHACTIVE;LOWACTIVE;HIGHACTIVE;LOWACTIVE
15:48:18;HIGHACTIVE;LOWACTIVE;HIGHACTIVE;LOWACTIVE
15:48:19;HIGHACTIVE;LOWACTIVE;HIGHACTIVE;LOWACTIVE
15:48:21;HIGHACTIVE;LOWACTIVE;HIGHACTIVE;LOWACTIVE
15:48:22;HIGHACTIVE;LOWACTIVE;HIGHACTIVE;LOWACTIVE
15:48:23;HIGHACTIVE;LOWACTIVE;HIGHACTIVE;LOWACTIVE
15:48:24;HIGHACTIVE;LOWACTIVE;HIGHACTIVE;LOWACTIVE
15:48:25;HIGHACTIVE;LOWACTIVE;HIGHACTIVE;LOWACTIVE
15:48:26;HIGHACTIVE;LOWACTIVE;HIGHACTIVE;LOWACTIVE
15:48:27;HIGHACTIVE;LOWACTIVE;HIGHACTIVE;LOWACTIVE
15:48:28;HIGHACTIVE;LOWACTIVE;HIGHACTIVE;LOWACTIVE
15:48:29;HIGHACTIVE;LOWACTIVE;HIGHACTIVE;LOWACTIVE
15:48:30;HIGHACTIVE;LOWACTIVE;HIGHACTIVE;LOWACTIVE
15:48:31;HIGHACTIVE;LOWACTIVE;HIGHACTIVE;LOWACTIVE
15:48:32;HIGHACTIVE;LOWACTIVE;HIGHACTIVE;LOWACTIVE
15:48:33;HIGHACTIVE;LOWACTIVE;HIGHACTIVE;LOWACTIVE
15:48:34;HIGHACTIVE;LOWACTIVE;HIGHACTIVE;LOWACTIVE
15:48:35;HIGHACTIVE;LOWACTIVE;HIGHACTIVE;LOWACTIVE
15:48:36;HIGHACTIVE;LOWACTIVE;HIGHACTIVE;LOWACTIVE
15:48:37;HIGHACTIVE;LOWACTIVE;HIGHACTIVE;LOWACTIVE
15:48:38;HIGHACTIVE;LOWACTIVE;HIGHACTIVE;LOWACTIVE
15:48:39;HIGHACTIVE;LOWACTIVE;HIGHACTIVE;LOWACTIVE
15:48:40;HIGHACTIVE;LOWACTIVE;HIGHACTIVE;LOWACTIVE
15:48:41;HIGHACTIVE;LOWACTIVE;HIGHACTIVE;LOWACTIVE
15:48:42;HIGHACTIVE;LOWACTIVE;HIGHACTIVE;LOWACTIVE
15:48:43;HIGHACTIVE;LOWACTIVE;HIGHACTIVE;LOWACTIVE
15:48:44;HIGHACTIVE;LOWACTIVE;HIGHACTIVE;LOWACTIVE
15:48:46;HIGHACTIVE;LOWACTIVE;HIGHACTIVE;LOWACTIVE
15:48:47;HIGHACTIVE;LOWACTIVE;HIGHACTIVE;LOWACTIVE
15:48:48;HIGHACTIVE;LOWACTIVE;HIGHACTIVE;LOWACTIVE
15:48:49;HIGHACTIVE;LOWACTIVE;HIGHACTIVE;LOWACTIVE
15:48:50;HIGHACTIVE;LOWACTIVE;HIGHACTIVE;LOWACTIVE
15:48:51;HIGHACTIVE;LOWACTIVE;HIGHACTIVE;LOWACTIVE
15:48:52;HIGHACTIVE;LOWACTIVE;HIGHACTIVE;LOWACTIVE
15:48:53;HIGHACTIVE;LOWACTIVE;HIGHACTIVE;LOWACTIVE
15:48:54;HIGHACTIVE;LOWACTIVE;HIGHACTIVE;LOWACTIVE
15:48:55;HIGHACTIVE;LOWACTIVE;HIGHACTIVE;LOWACTIVE
15:48:56;HIGHACTIVE;LOWACTIVE;HIGHACTIVE;LOWACTIVE
15:48:57;HIGHACTIVE;LOWACTIVE;HIGHACTIVE;LOWACTIVE
15:48:58;HIGHACTIVE;LOWACTIVE;HIGHACTIVE;LOWACTIVE
15:48:59;HIGHACTIVE;LOWACTIVE;HIGHACTIVE;LOWACTIVE
15:49:00;HIGHACTIVE;LOWACTIVE;HIGHACTIVE;LOWACTIVE
15:49:01;LOWACTIVE;LOWACTIVE;LOWACTIVE;LOWACTIVE
15:49:02;LOWACTIVE;LOWACTIVE;LOWACTIVE;LOWACTIVE
15:49:03;LOWACTIVE;LOWACTIVE;LOWACTIVE;LOWACTIVE
15:49:04;LOWACTIVE;LOWACTIVE;LOWACTIVE;LOWACTIVE
15:49:05;LOWACTIVE;LOWACTIVE;LOWACTIVE;LOWACTIVE
15:49:06;LOWACTIVE;LOWACTIVE;LOWACTIVE;LOWACTIVE
15:49:07;LOWACTIVE;LOWACTIVE;LOWACTIVE;LOWACTIVE
15:49:08;LOWACTIVE;LOWACTIVE;LOWACTIVE;LOWACTIVE
15:49:09;LOWACTIVE;LOWACTIVE;LOWACTIVE;LOWACTIVE
15:49:11;LOWACTIVE;LOWACTIVE;LOWACTIVE;LOWACTIVE
15:49:12;LOWACTIVE;LOWACTIVE;LOWACTIVE;LOWACTIVE
15:49:13;LOWACTIVE;LOWACTIVE;LOWACTIVE;LOWACTIVE
15:49:14;LOWACTIVE;LOWACTIVE;LOWACTIVE;LOWACTIVE
15:49:15;LOWACTIVE;LOWACTIVE;LOWACTIVE;LOWACTIVE
15:49:16;LOWACTIVE;LOWACTIVE;LOWACTIVE;LOWACTIVE
15:49:17;LOWACTIVE;LOWACTIVE;LOWACTIVE;LOWACTIVE
15:49:18;LOWACTIVE;LOWACTIVE;LOWACTIVE;LOWACTIVE
15:49:19;LOWACTIVE;LOWACTIVE;LOWACTIVE;LOWACTIVE
15:49:20;LOWACTIVE;LOWACTIVE;LOWACTIVE;LOWACTIVE
15:49:21;LOWACTIVE;LOWACTIVE;LOWACTIVE;LOWACTIVE
15:49:22;LOWACTIVE;LOWACTIVE;LOWACTIVE;LOWACTIVE
15:49:23;LOWACTIVE;LOWACTIVE;LOWACTIVE;LOWACTIVE
15:49:24;LOWACTIVE;LOWACTIVE;LOWACTIVE;LOWACTIVE
15:49:25;LOWACTIVE;LOWACTIVE;LOWACTIVE;LOWACTIVE
15:49:26;LOWACTIVE;LOWACTIVE;LOWACTIVE;LOWACTIVE
15:49:27;LOWACTIVE;LOWACTIVE;LOWACTIVE;LOWACTIVE
15:49:28;LOWACTIVE;LOWACTIVE;LOWACTIVE;LOWACTIVE
15:49:29;LOWACTIVE;LOWACTIVE;LOWACTIVE;LOWACTIVE
15:49:30;LOWACTIVE;LOWACTIVE;LOWACTIVE;LOWACTIVE
15:49:31;LOWACTIVE;LOWACTIVE;LOWACTIVE;LOWACTIVE
15:49:32;LOWACTIVE;LOWACTIVE;LOWACTIVE;LOWACTIVE
15:49:33;LOWACTIVE;LOWACTIVE;LOWACTIVE;LOWACTIVE
15:49:34;LOWACTIVE;LOWACTIVE;LOWACTIVE;LOWACTIVE
15:49:36;LOWACTIVE;LOWACTIVE;LOWACTIVE;LOWACTIVE
15:49:37;LOWACTIVE;LOWACTIVE;LOWACTIVE;LOWACTIVE
15:49:38;LOWACTIVE;LOWACTIVE;LOWACTIVE;LOWACTIVE
15:49:39;LOWACTIVE;LOWACTIVE;LOWACTIVE;LOWACTIVE
15:49:40;LOWACTIVE;LOWACTIVE;LOWACTIVE;LOWACTIVE
15:49:41;LOWACTIVE;LOWACTIVE;LOWACTIVE;LOWACTIVE
15:49:42;LOWACTIVE;LOWACTIVE;LOWACTIVE;LOWACTIVE
15:49:43;LOWACTIVE;LOWACTIVE;LOWACTIVE;LOWACTIVE
15:49:44;LOWACTIVE;LOWACTIVE;LOWACTIVE;LOWACTIVE
15:49:45;LOWACTIVE;LOWACTIVE;LOWACTIVE;LOWACTIVE
15:49:46;LOWACTIVE;LOWACTIVE;LOWACTIVE;LOWACTIVE
15:49:47;LOWACTIVE;LOWACTIVE;LOWACTIVE;LOWACTIVE
15:49:48;LOWACTIVE;LOWACTIVE;LOWACTIVE;LOWACTIVE
15:49:49;LOWACTIVE;LOWACTIVE;LOWACTIVE;LOWACTIVE
15:49:50;LOWACTIVE;LOWACTIVE;LOWACTIVE;LOWACTIVE
15:49:51;LOWACTIVE;LOWACTIVE;LOWACTIVE;LOWACTIVE
15:49:52;LOWACTIVE;LOWACTIVE;LOWACTIVE;LOWACTIVE
15:49:53;LOWACTIVE;LOWACTIVE;LOWACTIVE;LOWACTIVE
15:49:54;LOWACTIVE;LOWACTIVE;LOWACTIVE;LOWACTIVE
15:49:55;LOWACTIVE;LOWACTIVE;LOWACTIVE;LOWACTIVE
15:49:56;LOWACTIVE;LOWACTIVE;LOWACTIVE;LOWACTIVE
15:49:57;LOWACTIVE;LOWACTIVE;LOWACTIVE;LOWACTIVE
15:49:58;LOWACTIVE;LOWACTIVE;LOWACTIVE;LOWACTIVE
15:49:59;LOWACTIVE;LOWACTIVE;LOWACTIVE;LOWACTIVE
15:50:01;LOWACTIVE;LOWACTIVE;LOWACTIVE;LOWACTIVE
15:50:02;HIGHACTIVE;HIGHACTIVE;LOWACTIVE;HIGHACTIVE
15:50:03;HIGHACTIVE;HIGHACTIVE;LOWACTIVE;HIGHACTIVE
15:50:04;HIGHACTIVE;HIGHACTIVE;LOWACTIVE;HIGHACTIVE
15:50:05;HIGHACTIVE;HIGHACTIVE;LOWACTIVE;HIGHACTIVE
15:50:06;HIGHACTIVE;HIGHACTIVE;LOWACTIVE;HIGHACTIVE
15:50:07;HIGHACTIVE;HIGHACTIVE;LOWACTIVE;HIGHACTIVE
15:50:08;HIGHACTIVE;HIGHACTIVE;LOWACTIVE;HIGHACTIVE
15:50:09;HIGHACTIVE;HIGHACTIVE;LOWACTIVE;HIGHACTIVE
15:50:10;HIGHACTIVE;HIGHACTIVE;LOWACTIVE;HIGHACTIVE
15:50:11;HIGHACTIVE;HIGHACTIVE;LOWACTIVE;HIGHACTIVE
15:50:12;HIGHACTIVE;HIGHACTIVE;LOWACTIVE;HIGHACTIVE
15:50:13;HIGHACTIVE;HIGHACTIVE;LOWACTIVE;HIGHACTIVE
15:50:14;HIGHACTIVE;HIGHACTIVE;LOWACTIVE;HIGHACTIVE
15:50:15;HIGHACTIVE;HIGHACTIVE;LOWACTIVE;HIGHACTIVE
15:50:16;HIGHACTIVE;HIGHACTIVE;LOWACTIVE;HIGHACTIVE
15:50:17;HIGHACTIVE;HIGHACTIVE;LOWACTIVE;HIGHACTIVE
15:50:18;HIGHACTIVE;HIGHACTIVE;LOWACTIVE;HIGHACTIVE
15:50:19;HIGHACTIVE;HIGHACTIVE;LOWACTIVE;HIGHACTIVE
15:50:20;HIGHACTIVE;HIGHACTIVE;LOWACTIVE;HIGHACTIVE
15:50:21;HIGHACTIVE;HIGHACTIVE;LOWACTIVE;HIGHACTIVE
15:50:22;HIGHACTIVE;HIGHACTIVE;LOWACTIVE;HIGHACTIVE
15:50:23;HIGHACTIVE;HIGHACTIVE;LOWACTIVE;HIGHACTIVE
15:50:24;HIGHACTIVE;HIGHACTIVE;LOWACTIVE;HIGHACTIVE
15:50:26;HIGHACTIVE;HIGHACTIVE;LOWACTIVE;HIGHACTIVE
15:50:27;HIGHACTIVE;HIGHACTIVE;LOWACTIVE;HIGHACTIVE
15:50:28;HIGHACTIVE;HIGHACTIVE;LOWACTIVE;HIGHACTIVE
15:50:29;HIGHACTIVE;HIGHACTIVE;LOWACTIVE;HIGHACTIVE
15:50:30;HIGHACTIVE;HIGHACTIVE;LOWACTIVE;HIGHACTIVE
15:50:31;HIGHACTIVE;HIGHACTIVE;LOWACTIVE;HIGHACTIVE
15:50:32;HIGHACTIVE;HIGHACTIVE;LOWACTIVE;HIGHACTIVE
15:50:33;HIGHACTIVE;HIGHACTIVE;LOWACTIVE;HIGHACTIVE
15:50:34;HIGHACTIVE;HIGHACTIVE;LOWACTIVE;HIGHACTIVE
15:50:35;HIGHACTIVE;HIGHACTIVE;LOWACTIVE;HIGHACTIVE
15:50:36;HIGHACTIVE;HIGHACTIVE;LOWACTIVE;HIGHACTIVE
15:50:37;HIGHACTIVE;HIGHACTIVE;LOWACTIVE;HIGHACTIVE
15:50:38;HIGHACTIVE;HIGHACTIVE;LOWACTIVE;HIGHACTIVE
15:50:39;HIGHACTIVE;HIGHACTIVE;LOWACTIVE;HIGHACTIVE
15:50:40;HIGHACTIVE;HIGHACTIVE;LOWACTIVE;HIGHACTIVE
15:50:41;HIGHACTIVE;HIGHACTIVE;LOWACTIVE;HIGHACTIVE
15:50:42;HIGHACTIVE;HIGHACTIVE;LOWACTIVE;HIGHACTIVE
15:50:43;HIGHACTIVE;HIGHACTIVE;LOWACTIVE;HIGHACTIVE
15:50:44;HIGHACTIVE;HIGHACTIVE;LOWACTIVE;HIGHACTIVE
15:50:45;HIGHACTIVE;HIGHACTIVE;LOWACTIVE;HIGHACTIVE
15:50:46;HIGHACTIVE;HIGHACTIVE;LOWACTIVE;HIGHACTIVE
15:50:47;HIGHACTIVE;HIGHACTIVE;LOWACTIVE;HIGHACTIVE
15:50:48;HIGHACTIVE;HIGHACTIVE;LOWACTIVE;HIGHACTIVE
15:50:49;HIGHACTIVE;HIGHACTIVE;LOWACTIVE;HIGHACTIVE
15:50:51;HIGHACTIVE;HIGHACTIVE;LOWACTIVE;HIGHACTIVE
15:50:52;HIGHACTIVE;HIGHACTIVE;LOWACTIVE;HIGHACTIVE
15:50:53;HIGHACTIVE;HIGHACTIVE;LOWACTIVE;HIGHACTIVE
15:50:54;HIGHACTIVE;HIGHACTIVE;LOWACTIVE;HIGHACTIVE
15:50:55;HIGHACTIVE;HIGHACTIVE;LOWACTIVE;HIGHACTIVE
15:50:56;HIGHACTIVE;HIGHACTIVE;LOWACTIVE;HIGHACTIVE
15:50:57;HIGHACTIVE;HIGHACTIVE;LOWACTIVE;HIGHACTIVE
15:50:58;HIGHACTIVE;HIGHACTIVE;LOWACTIVE;HIGHACTIVE
15:50:59;HIGHACTIVE;HIGHACTIVE;LOWACTIVE;HIGHACTIVE
15:51:00;HIGHACTIVE;HIGHACTIVE;LOWACTIVE;HIGHACTIVE
15:51:01;HIGHACTIVE;HIGHACTIVE;LOWACTIVE;HIGHACTIVE
15:51:02;HIGHACTIVE;HIGHACTIVE;LOWACTIVE;HIGHACTIVE
15:51:03;HIGHACTIVE;HIGHACTIVE;LOWACTIVE;HIGHACTIVE
15:51:04;HIGHACTIVE;HIGHACTIVE;LOWACTIVE;HIGHACTIVE
15:51:05;HIGHACTIVE;HIGHACTIVE;LOWACTIVE;HIGHACTIVE
15:51:06;HIGHACTIVE;HIGHACTIVE;LOWACTIVE;HIGHACTIVE
15:51:07;HIGHACTIVE;HIGHACTIVE;LOWACTIVE;HIGHACTIVE
15:51:08;HIGHACTIVE;HIGHACTIVE;LOWACTIVE;HIGHACTIVE
15:51:09;HIGHACTIVE;HIGHACTIVE;LOWACTIVE;HIGHACTIVE
15:51:10;HIGHACTIVE;HIGHACTIVE;LOWACTIVE;HIGHACTIVE
15:51:11;HIGHACTIVE;HIGHACTIVE;LOWACTIVE;HIGHACTIVE
15:51:12;HIGHACTIVE;HIGHACTIVE;LOWACTIVE;HIGHACTIVE
15:51:13;HIGHACTIVE;HIGHACTIVE;LOWACTIVE;HIGHACTIVE
15:51:14;HIGHACTIVE;HIGHACTIVE;LOWACTIVE;HIGHACTIVE
15:51:16;HIGHACTIVE;HIGHACTIVE;LOWACTIVE;HIGHACTIVE
15:51:17;HIGHACTIVE;HIGHACTIVE;LOWACTIVE;HIGHACTIVE
15:51:18;HIGHACTIVE;HIGHACTIVE;LOWACTIVE;HIGHACTIVE
15:51:19;HIGHACTIVE;HIGHACTIVE;LOWACTIVE;HIGHACTIVE
15:51:20;HIGHACTIVE;HIGHACTIVE;LOWACTIVE;HIGHACTIVE
15:51:21;HIGHACTIVE;HIGHACTIVE;LOWACTIVE;HIGHACTIVE
15:51:22;HIGHACTIVE;HIGHACTIVE;LOWACTIVE;HIGHACTIVE
15:51:23;HIGHACTIVE;HIGHACTIVE;LOWACTIVE;HIGHACTIVE
15:51:24;HIGHACTIVE;HIGHACTIVE;LOWACTIVE;HIGHACTIVE
15:51:25;HIGHACTIVE;HIGHACTIVE;LOWACTIVE;HIGHACTIVE
15:51:26;HIGHACTIVE;HIGHACTIVE;LOWACTIVE;HIGHACTIVE
15:51:27;HIGHACTIVE;HIGHACTIVE;LOWACTIVE;HIGHACTIVE
15:51:28;HIGHACTIVE;HIGHACTIVE;LOWACTIVE;HIGHACTIVE
15:51:29;HIGHACTIVE;HIGHACTIVE;LOWACTIVE;HIGHACTIVE
15:51:30;HIGHACTIVE;HIGHACTIVE;LOWACTIVE;HIGHACTIVE
15:51:31;HIGHACTIVE;HIGHACTIVE;LOWACTIVE;HIGHACTIVE
15:51:32;HIGHACTIVE;HIGHACTIVE;LOWACTIVE;HIGHACTIVE
15:51:33;HIGHACTIVE;HIGHACTIVE;LOWACTIVE;HIGHACTIVE
15:51:34;HIGHACTIVE;HIGHACTIVE;LOWACTIVE;HIGHACTIVE
15:51:35;HIGHACTIVE;HIGHACTIVE;LOWACTIVE;HIGHACTIVE
15:51:36;HIGHACTIVE;HIGHACTIVE;LOWACTIVE;HIGHACTIVE
15:51:37;HIGHACTIVE;HIGHACTIVE;LOWACTIVE;HIGHACTIVE
15:51:38;HIGHACTIVE;HIGHACTIVE;LOWACTIVE;HIGHACTIVE
15:51:39;HIGHACTIVE;HIGHACTIVE;LOWACTIVE;HIGHACTIVE
15:51:41;HIGHACTIVE;HIGHACTIVE;LOWACTIVE;HIGHACTIVE
15:51:42;HIGHACTIVE;HIGHACTIVE;LOWACTIVE;HIGHACTIVE
15:51:43;HIGHACTIVE;HIGHACTIVE;LOWACTIVE;HIGHACTIVE
15:51:44;HIGHACTIVE;HIGHACTIVE;LOWACTIVE;HIGHACTIVE
15:51:45;HIGHACTIVE;HIGHACTIVE;LOWACTIVE;HIGHACTIVE
15:51:46;HIGHACTIVE;HIGHACTIVE;LOWACTIVE;HIGHACTIVE
15:51:47;HIGHACTIVE;HIGHACTIVE;LOWACTIVE;HIGHACTIVE
15:51:48;HIGHACTIVE;HIGHACTIVE;LOWACTIVE;HIGHACTIVE
15:51:49;HIGHACTIVE;HIGHACTIVE;LOWACTIVE;HIGHACTIVE
15:51:50;HIGHACTIVE;HIGHACTIVE;LOWACTIVE;HIGHACTIVE
15:51:51;HIGHACTIVE;HIGHACTIVE;LOWACTIVE;HIGHACTIVE
15:51:52;HIGHACTIVE;HIGHACTIVE;LOWACTIVE;HIGHACTIVE
15:51:53;HIGHACTIVE;HIGHACTIVE;LOWACTIVE;HIGHACTIVE
15:51:54;HIGHACTIVE;HIGHACTIVE;LOWACTIVE;HIGHACTIVE
15:51:55;HIGHACTIVE;HIGHACTIVE;LOWACTIVE;HIGHACTIVE
15:51:56;HIGHACTIVE;HIGHACTIVE;LOWACTIVE;HIGHACTIVE
15:51:57;HIGHACTIVE;HIGHACTIVE;LOWACTIVE;HIGHACTIVE
15:51:58;HIGHACTIVE;HIGHACTIVE;LOWACTIVE;HIGHACTIVE
15:51:59;HIGHACTIVE;HIGHACTIVE;LOWACTIVE;HIGHACTIVE
15:52:00;HIGHACTIVE;HIGHACTIVE;LOWACTIVE;HIGHACTIVE
15:52:01;HIGHACTIVE;HIGHACTIVE;LOWACTIVE;HIGHACTIVE
15:52:02;HIGHACTIVE;HIGHACTIVE;LOWACTIVE;HIGHACTIVE
15:52:03;HIGHACTIVE;HIGHACTIVE;LOWACTIVE;HIGHACTIVE
15:52:04;HIGHACTIVE;HIGHACTIVE;LOWACTIVE;HIGHACTIVE
15:52:06;HIGHACTIVE;HIGHACTIVE;LOWACTIVE;HIGHACTIVE
15:52:07;HIGHACTIVE;HIGHACTIVE;LOWACTIVE;HIGHACTIVE
15:52:08;HIGHACTIVE;HIGHACTIVE;LOWACTIVE;HIGHACTIVE
15:52:09;HIGHACTIVE;HIGHACTIVE;LOWACTIVE;HIGHACTIVE
15:52:10;HIGHACTIVE;HIGHACTIVE;LOWACTIVE;HIGHACTIVE
15:52:11;HIGHACTIVE;HIGHACTIVE;LOWACTIVE;HIGHACTIVE
15:52:12;HIGHACTIVE;HIGHACTIVE;LOWACTIVE;HIGHACTIVE
15:52:13;HIGHACTIVE;HIGHACTIVE;LOWACTIVE;HIGHACTIVE
15:52:14;HIGHACTIVE;HIGHACTIVE;LOWACTIVE;HIGHACTIVE
15:52:15;HIGHACTIVE;HIGHACTIVE;LOWACTIVE;HIGHACTIVE
15:52:16;HIGHACTIVE;HIGHACTIVE;LOWACTIVE;HIGHACTIVE
15:52:17;HIGHACTIVE;HIGHACTIVE;LOWACTIVE;HIGHACTIVE
15:52:18;HIGHACTIVE;HIGHACTIVE;LOWACTIVE;HIGHACTIVE
15:52:19;HIGHACTIVE;HIGHACTIVE;LOWACTIVE;HIGHACTIVE
15:52:20;HIGHACTIVE;HIGHACTIVE;LOWACTIVE;HIGHACTIVE
15:52:21;HIGHACTIVE;HIGHACTIVE;LOWACTIVE;HIGHACTIVE
15:52:22;HIGHACTIVE;HIGHACTIVE;LOWACTIVE;HIGHACTIVE
15:52:23;HIGHACTIVE;HIGHACTIVE;LOWACTIVE;HIGHACTIVE
15:52:24;HIGHACTIVE;HIGHACTIVE;LOWACTIVE;HIGHACTIVE
15:52:25;HIGHACTIVE;HIGHACTIVE;LOWACTIVE;HIGHACTIVE
15:52:26;HIGHACTIVE;HIGHACTIVE;LOWACTIVE;HIGHACTIVE
15:52:27;HIGHACTIVE;HIGHACTIVE;LOWACTIVE;HIGHACTIVE
15:52:28;HIGHACTIVE;HIGHACTIVE;LOWACTIVE;HIGHACTIVE
15:52:30;HIGHACTIVE;HIGHACTIVE;LOWACTIVE;HIGHACTIVE
15:52:31;HIGHACTIVE;HIGHACTIVE;LOWACTIVE;HIGHACTIVE
15:52:32;HIGHACTIVE;HIGHACTIVE;LOWACTIVE;HIGHACTIVE
15:52:33;HIGHACTIVE;HIGHACTIVE;LOWACTIVE;HIGHACTIVE
15:52:34;HIGHACTIVE;HIGHACTIVE;LOWACTIVE;HIGHACTIVE
15:52:35;HIGHACTIVE;HIGHACTIVE;LOWACTIVE;HIGHACTIVE
15:52:36;HIGHACTIVE;HIGHACTIVE;LOWACTIVE;HIGHACTIVE
15:52:37;HIGHACTIVE;HIGHACTIVE;LOWACTIVE;HIGHACTIVE
15:52:38;HIGHACTIVE;HIGHACTIVE;LOWACTIVE;HIGHACTIVE
15:52:39;HIGHACTIVE;HIGHACTIVE;LOWACTIVE;HIGHACTIVE
15:52:40;HIGHACTIVE;HIGHACTIVE;LOWACTIVE;HIGHACTIVE
15:52:41;HIGHACTIVE;HIGHACTIVE;LOWACTIVE;HIGHACTIVE
15:52:42;HIGHACTIVE;HIGHACTIVE;LOWACTIVE;HIGHACTIVE
15:52:43;HIGHACTIVE;HIGHACTIVE;LOWACTIVE;HIGHACTIVE
15:52:44;HIGHACTIVE;HIGHACTIVE;LOWACTIVE;HIGHACTIVE
15:52:45;HIGHACTIVE;HIGHACTIVE;LOWACTIVE;HIGHACTIVE
15:52:46;HIGHACTIVE;HIGHACTIVE;LOWACTIVE;HIGHACTIVE
15:52:47;HIGHACTIVE;HIGHACTIVE;LOWACTIVE;HIGHACTIVE
15:52:48;HIGHACTIVE;HIGHACTIVE;LOWACTIVE;HIGHACTIVE
15:52:49;HIGHACTIVE;HIGHACTIVE;LOWACTIVE;HIGHACTIVE
15:52:50;HIGHACTIVE;HIGHACTIVE;LOWACTIVE;HIGHACTIVE
15:52:51;HIGHACTIVE;HIGHACTIVE;LOWACTIVE;HIGHACTIVE
15:52:52;HIGHACTIVE;HIGHACTIVE;LOWACTIVE;HIGHACTIVE
15:52:53;HIGHACTIVE;HIGHACTIVE;LOWACTIVE;HIGHACTIVE
15:52:55;HIGHACTIVE;HIGHACTIVE;LOWACTIVE;HIGHACTIVE
15:52:56;HIGHACTIVE;HIGHACTIVE;LOWACTIVE;HIGHACTIVE
15:52:57;HIGHACTIVE;HIGHACTIVE;LOWACTIVE;HIGHACTIVE
15:52:58;HIGHACTIVE;HIGHACTIVE;LOWACTIVE;HIGHACTIVE
15:52:59;HIGHACTIVE;HIGHACTIVE;LOWACTIVE;HIGHACTIVE
15:53:00;HIGHACTIVE;HIGHACTIVE;LOWACTIVE;HIGHACTIVE
15:53:01;HIGHACTIVE;HIGHACTIVE;LOWACTIVE;HIGHACTIVE
15:53:02;HIGHACTIVE;HIGHACTIVE;LOWACTIVE;HIGHACTIVE
15:53:03;HIGHACTIVE;HIGHACTIVE;LOWACTIVE;HIGHACTIVE
15:53:04;HIGHACTIVE;HIGHACTIVE;LOWACTIVE;HIGHACTIVE
15:53:05;HIGHACTIVE;HIGHACTIVE;LOWACTIVE;HIGHACTIVE
15:53:06;HIGHACTIVE;HIGHACTIVE;LOWACTIVE;HIGHACTIVE
15:53:07;HIGHACTIVE;HIGHACTIVE;LOWACTIVE;HIGHACTIVE
15:53:08;HIGHACTIVE;HIGHACTIVE;LOWACTIVE;HIGHACTIVE
15:53:09;HIGHACTIVE;HIGHACTIVE;LOWACTIVE;HIGHACTIVE
15:53:10;HIGHACTIVE;HIGHACTIVE;LOWACTIVE;HIGHACTIVE
15:53:11;HIGHACTIVE;HIGHACTIVE;LOWACTIVE;HIGHACTIVE
15:53:12;HIGHACTIVE;HIGHACTIVE;LOWACTIVE;HIGHACTIVE
15:53:13;HIGHACTIVE;HIGHACTIVE;LOWACTIVE;HIGHACTIVE
15:53:14;HIGHACTIVE;HIGHACTIVE;LOWACTIVE;HIGHACTIVE
15:53:15;HIGHACTIVE;HIGHACTIVE;LOWACTIVE;HIGHACTIVE
15:53:16;HIGHACTIVE;HIGHACTIVE;LOWACTIVE;HIGHACTIVE
15:53:17;HIGHACTIVE;HIGHACTIVE;LOWACTIVE;HIGHACTIVE
15:53:18;HIGHACTIVE;HIGHACTIVE;LOWACTIVE;HIGHACTIVE
15:53:20;HIGHACTIVE;HIGHACTIVE;LOWACTIVE;HIGHACTIVE
15:53:21;HIGHACTIVE;HIGHACTIVE;LOWACTIVE;HIGHACTIVE
15:53:22;HIGHACTIVE;HIGHACTIVE;LOWACTIVE;HIGHACTIVE
15:53:23;HIGHACTIVE;HIGHACTIVE;LOWACTIVE;HIGHACTIVE
15:53:24;HIGHACTIVE;HIGHACTIVE;LOWACTIVE;HIGHACTIVE
15:53:25;HIGHACTIVE;HIGHACTIVE;LOWACTIVE;HIGHACTIVE
15:53:26;HIGHACTIVE;HIGHACTIVE;LOWACTIVE;HIGHACTIVE
15:53:27;HIGHACTIVE;HIGHACTIVE;LOWACTIVE;HIGHACTIVE
15:53:28;HIGHACTIVE;HIGHACTIVE;LOWACTIVE;HIGHACTIVE
15:53:29;HIGHACTIVE;HIGHACTIVE;LOWACTIVE;HIGHACTIVE
15:53:30;HIGHACTIVE;HIGHACTIVE;LOWACTIVE;HIGHACTIVE
15:53:31;HIGHACTIVE;HIGHACTIVE;LOWACTIVE;HIGHACTIVE
15:53:32;HIGHACTIVE;HIGHACTIVE;LOWACTIVE;HIGHACTIVE
15:53:33;HIGHACTIVE;HIGHACTIVE;LOWACTIVE;HIGHACTIVE
15:53:34;HIGHACTIVE;HIGHACTIVE;LOWACTIVE;HIGHACTIVE
15:53:35;HIGHACTIVE;HIGHACTIVE;LOWACTIVE;HIGHACTIVE
15:53:36;HIGHACTIVE;HIGHACTIVE;LOWACTIVE;HIGHACTIVE
15:53:37;HIGHACTIVE;HIGHACTIVE;LOWACTIVE;HIGHACTIVE
15:53:38;HIGHACTIVE;HIGHACTIVE;LOWACTIVE;HIGHACTIVE
15:53:39;HIGHACTIVE;HIGHACTIVE;LOWACTIVE;HIGHACTIVE
15:53:40;HIGHACTIVE;HIGHACTIVE;LOWACTIVE;HIGHACTIVE
15:53:41;HIGHACTIVE;HIGHACTIVE;LOWACTIVE;HIGHACTIVE
15:53:42;HIGHACTIVE;HIGHACTIVE;LOWACTIVE;HIGHACTIVE
15:53:44;HIGHACTIVE;HIGHACTIVE;LOWACTIVE;HIGHACTIVE
15:53:45;HIGHACTIVE;HIGHACTIVE;LOWACTIVE;HIGHACTIVE
15:53:46;HIGHACTIVE;HIGHACTIVE;LOWACTIVE;HIGHACTIVE
15:53:47;HIGHACTIVE;HIGHACTIVE;LOWACTIVE;HIGHACTIVE
15:53:48;HIGHACTIVE;HIGHACTIVE;LOWACTIVE;HIGHACTIVE
15:53:49;HIGHACTIVE;HIGHACTIVE;LOWACTIVE;HIGHACTIVE
15:53:50;HIGHACTIVE;HIGHACTIVE;LOWACTIVE;HIGHACTIVE
15:53:51;HIGHACTIVE;HIGHACTIVE;LOWACTIVE;HIGHACTIVE
15:53:52;HIGHACTIVE;HIGHACTIVE;LOWACTIVE;HIGHACTIVE
15:53:53;HIGHACTIVE;HIGHACTIVE;LOWACTIVE;HIGHACTIVE
15:53:54;HIGHACTIVE;HIGHACTIVE;LOWACTIVE;HIGHACTIVE
15:53:55;HIGHACTIVE;HIGHACTIVE;LOWACTIVE;HIGHACTIVE
15:53:56;HIGHACTIVE;HIGHACTIVE;LOWACTIVE;HIGHACTIVE
15:53:57;HIGHACTIVE;HIGHACTIVE;LOWACTIVE;HIGHACTIVE
15:53:58;HIGHACTIVE;HIGHACTIVE;LOWACTIVE;HIGHACTIVE
15:53:59;HIGHACTIVE;HIGHACTIVE;LOWACTIVE;HIGHACTIVE
15:54:00;HIGHACTIVE;HIGHACTIVE;LOWACTIVE;HIGHACTIVE
15:54:01;HIGHACTIVE;HIGHACTIVE;LOWACTIVE;HIGHACTIVE
15:54:02;HIGHACTIVE;HIGHACTIVE;LOWACTIVE;HIGHACTIVE
15:54:03;HIGHACTIVE;HIGHACTIVE;LOWACTIVE;HIGHACTIVE
15:54:04;HIGHACTIVE;HIGHACTIVE;LOWACTIVE;HIGHACTIVE
15:54:05;HIGHACTIVE;HIGHACTIVE;LOWACTIVE;HIGHACTIVE
15:54:06;HIGHACTIVE;HIGHACTIVE;LOWACTIVE;HIGHACTIVE
15:54:07;HIGHACTIVE;HIGHACTIVE;LOWACTIVE;HIGHACTIVE
15:54:09;HIGHACTIVE;HIGHACTIVE;LOWACTIVE;HIGHACTIVE
15:54:10;HIGHACTIVE;HIGHACTIVE;LOWACTIVE;HIGHACTIVE
15:54:11;HIGHACTIVE;HIGHACTIVE;LOWACTIVE;HIGHACTIVE
15:54:12;HIGHACTIVE;HIGHACTIVE;LOWACTIVE;HIGHACTIVE
15:54:13;HIGHACTIVE;HIGHACTIVE;LOWACTIVE;HIGHACTIVE
15:54:14;HIGHACTIVE;HIGHACTIVE;LOWACTIVE;HIGHACTIVE
15:54:15;HIGHACTIVE;HIGHACTIVE;LOWACTIVE;HIGHACTIVE
15:54:16;HIGHACTIVE;HIGHACTIVE;LOWACTIVE;HIGHACTIVE
15:54:17;HIGHACTIVE;HIGHACTIVE;LOWACTIVE;HIGHACTIVE
15:54:18;HIGHACTIVE;HIGHACTIVE;LOWACTIVE;HIGHACTIVE
15:54:19;HIGHACTIVE;HIGHACTIVE;LOWACTIVE;HIGHACTIVE
15:54:20;HIGHACTIVE;HIGHACTIVE;LOWACTIVE;HIGHACTIVE
15:54:21;HIGHACTIVE;HIGHACTIVE;LOWACTIVE;HIGHACTIVE
15:54:22;HIGHACTIVE;HIGHACTIVE;LOWACTIVE;HIGHACTIVE
15:54:23;HIGHACTIVE;HIGHACTIVE;LOWACTIVE;HIGHACTIVE
15:54:24;HIGHACTIVE;HIGHACTIVE;LOWACTIVE;HIGHACTIVE
15:54:25;HIGHACTIVE;HIGHACTIVE;LOWACTIVE;HIGHACTIVE
15:54:26;HIGHACTIVE;HIGHACTIVE;LOWACTIVE;HIGHACTIVE
15:54:27;HIGHACTIVE;HIGHACTIVE;LOWACTIVE;HIGHACTIVE
15:54:28;HIGHACTIVE;HIGHACTIVE;LOWACTIVE;HIGHACTIVE
15:54:29;HIGHACTIVE;HIGHACTIVE;LOWACTIVE;HIGHACTIVE
15:54:30;HIGHACTIVE;HIGHACTIVE;LOWACTIVE;HIGHACTIVE
15:54:31;HIGHACTIVE;HIGHACTIVE;LOWACTIVE;HIGHACTIVE
15:54:32;HIGHACTIVE;HIGHACTIVE;LOWACTIVE;HIGHACTIVE
15:54:34;HIGHACTIVE;HIGHACTIVE;LOWACTIVE;HIGHACTIVE
15:54:35;HIGHACTIVE;HIGHACTIVE;LOWACTIVE;HIGHACTIVE
15:54:36;HIGHACTIVE;HIGHACTIVE;LOWACTIVE;HIGHACTIVE
15:54:37;HIGHACTIVE;HIGHACTIVE;LOWACTIVE;HIGHACTIVE
15:54:38;HIGHACTIVE;HIGHACTIVE;LOWACTIVE;HIGHACTIVE
15:54:39;HIGHACTIVE;HIGHACTIVE;LOWACTIVE;HIGHACTIVE
15:54:40;HIGHACTIVE;HIGHACTIVE;LOWACTIVE;HIGHACTIVE
15:54:41;HIGHACTIVE;HIGHACTIVE;LOWACTIVE;HIGHACTIVE
15:54:42;HIGHACTIVE;HIGHACTIVE;LOWACTIVE;HIGHACTIVE
15:54:43;HIGHACTIVE;HIGHACTIVE;LOWACTIVE;HIGHACTIVE
15:54:44;HIGHACTIVE;HIGHACTIVE;LOWACTIVE;HIGHACTIVE
15:54:45;HIGHACTIVE;HIGHACTIVE;LOWACTIVE;HIGHACTIVE
15:54:46;HIGHACTIVE;HIGHACTIVE;LOWACTIVE;HIGHACTIVE
15:54:47;HIGHACTIVE;HIGHACTIVE;LOWACTIVE;HIGHACTIVE
15:54:48;HIGHACTIVE;HIGHACTIVE;LOWACTIVE;HIGHACTIVE
15:54:49;HIGHACTIVE;HIGHACTIVE;LOWACTIVE;HIGHACTIVE
15:54:50;HIGHACTIVE;HIGHACTIVE;LOWACTIVE;HIGHACTIVE
15:54:51;HIGHACTIVE;HIGHACTIVE;LOWACTIVE;HIGHACTIVE
15:54:52;HIGHACTIVE;HIGHACTIVE;LOWACTIVE;HIGHACTIVE
15:54:53;HIGHACTIVE;HIGHACTIVE;LOWACTIVE;HIGHACTIVE
15:54:54;HIGHACTIVE;HIGHACTIVE;LOWACTIVE;HIGHACTIVE
15:54:55;HIGHACTIVE;HIGHACTIVE;LOWACTIVE;HIGHACTIVE
15:54:56;HIGHACTIVE;HIGHACTIVE;LOWACTIVE;HIGHACTIVE
15:54:57;HIGHACTIVE;HIGHACTIVE;LOWACTIVE;HIGHACTIVE
15:54:59;HIGHACTIVE;HIGHACTIVE;LOWACTIVE;HIGHACTIVE
15:55:00;HIGHACTIVE;HIGHACTIVE;LOWACTIVE;HIGHACTIVE
15:55:01;HIGHACTIVE;HIGHACTIVE;LOWACTIVE;HIGHACTIVE
15:55:02;HIGHACTIVE;HIGHACTIVE;LOWACTIVE;HIGHACTIVE
15:55:03;HIGHACTIVE;HIGHACTIVE;LOWACTIVE;HIGHACTIVE
15:55:04;HIGHACTIVE;HIGHACTIVE;LOWACTIVE;HIGHACTIVE
15:55:05;HIGHACTIVE;HIGHACTIVE;LOWACTIVE;HIGHACTIVE
15:55:06;HIGHACTIVE;HIGHACTIVE;LOWACTIVE;HIGHACTIVE
15:55:07;HIGHACTIVE;HIGHACTIVE;LOWACTIVE;HIGHACTIVE
15:55:08;HIGHACTIVE;HIGHACTIVE;LOWACTIVE;HIGHACTIVE
15:55:09;HIGHACTIVE;HIGHACTIVE;LOWACTIVE;HIGHACTIVE
15:55:10;HIGHACTIVE;HIGHACTIVE;LOWACTIVE;HIGHACTIVE
15:55:11;HIGHACTIVE;HIGHACTIVE;LOWACTIVE;HIGHACTIVE
15:55:12;HIGHACTIVE;HIGHACTIVE;LOWACTIVE;HIGHACTIVE
15:55:13;HIGHACTIVE;HIGHACTIVE;LOWACTIVE;HIGHACTIVE
15:55:14;HIGHACTIVE;HIGHACTIVE;LOWACTIVE;HIGHACTIVE
15:55:15;HIGHACTIVE;HIGHACTIVE;LOWACTIVE;HIGHACTIVE
15:55:16;HIGHACTIVE;HIGHACTIVE;LOWACTIVE;HIGHACTIVE
15:55:17;HIGHACTIVE;HIGHACTIVE;LOWACTIVE;HIGHACTIVE
15:55:18;HIGHACTIVE;HIGHACTIVE;LOWACTIVE;HIGHACTIVE
15:55:19;HIGHACTIVE;HIGHACTIVE;LOWACTIVE;HIGHACTIVE
15:55:20;HIGHACTIVE;HIGHACTIVE;LOWACTIVE;HIGHACTIVE
15:55:21;HIGHACTIVE;HIGHACTIVE;LOWACTIVE;HIGHACTIVE
15:55:22;HIGHACTIVE;HIGHACTIVE;LOWACTIVE;HIGHACTIVE
15:55:24;HIGHACTIVE;HIGHACTIVE;LOWACTIVE;HIGHACTIVE
15:55:25;HIGHACTIVE;HIGHACTIVE;LOWACTIVE;HIGHACTIVE
15:55:26;HIGHACTIVE;HIGHACTIVE;LOWACTIVE;HIGHACTIVE
15:55:27;HIGHACTIVE;HIGHACTIVE;LOWACTIVE;HIGHACTIVE
15:55:28;HIGHACTIVE;HIGHACTIVE;LOWACTIVE;HIGHACTIVE
15:55:29;HIGHACTIVE;HIGHACTIVE;LOWACTIVE;HIGHACTIVE
15:55:30;HIGHACTIVE;HIGHACTIVE;LOWACTIVE;HIGHACTIVE
15:55:31;HIGHACTIVE;HIGHACTIVE;LOWACTIVE;HIGHACTIVE
15:55:32;HIGHACTIVE;HIGHACTIVE;LOWACTIVE;HIGHACTIVE
15:55:33;HIGHACTIVE;HIGHACTIVE;LOWACTIVE;HIGHACTIVE
15:55:34;HIGHACTIVE;HIGHACTIVE;LOWACTIVE;HIGHACTIVE
15:55:35;HIGHACTIVE;HIGHACTIVE;LOWACTIVE;HIGHACTIVE
15:55:36;HIGHACTIVE;HIGHACTIVE;LOWACTIVE;HIGHACTIVE
15:55:37;HIGHACTIVE;HIGHACTIVE;LOWACTIVE;HIGHACTIVE
15:55:38;HIGHACTIVE;HIGHACTIVE;LOWACTIVE;HIGHACTIVE
15:55:39;HIGHACTIVE;HIGHACTIVE;LOWACTIVE;HIGHACTIVE
15:55:40;HIGHACTIVE;HIGHACTIVE;LOWACTIVE;HIGHACTIVE
15:55:41;HIGHACTIVE;HIGHACTIVE;LOWACTIVE;HIGHACTIVE
15:55:42;HIGHACTIVE;HIGHACTIVE;LOWACTIVE;HIGHACTIVE
15:55:43;HIGHACTIVE;HIGHACTIVE;LOWACTIVE;HIGHACTIVE
15:55:44;HIGHACTIVE;HIGHACTIVE;LOWACTIVE;HIGHACTIVE
15:55:45;HIGHACTIVE;HIGHACTIVE;LOWACTIVE;HIGHACTIVE
15:55:46;HIGHACTIVE;HIGHACTIVE;LOWACTIVE;HIGHACTIVE
15:55:47;HIGHACTIVE;HIGHACTIVE;LOWACTIVE;HIGHACTIVE
15:55:49;HIGHACTIVE;HIGHACTIVE;LOWACTIVE;HIGHACTIVE
15:55:50;HIGHACTIVE;HIGHACTIVE;LOWACTIVE;HIGHACTIVE
15:55:51;HIGHACTIVE;HIGHACTIVE;LOWACTIVE;HIGHACTIVE
15:55:52;HIGHACTIVE;HIGHACTIVE;LOWACTIVE;HIGHACTIVE
15:55:53;HIGHACTIVE;HIGHACTIVE;LOWACTIVE;HIGHACTIVE
15:55:54;HIGHACTIVE;HIGHACTIVE;LOWACTIVE;HIGHACTIVE
15:55:55;HIGHACTIVE;HIGHACTIVE;LOWACTIVE;HIGHACTIVE
15:55:56;HIGHACTIVE;HIGHACTIVE;LOWACTIVE;HIGHACTIVE
15:55:57;HIGHACTIVE;HIGHACTIVE;LOWACTIVE;HIGHACTIVE
15:55:58;HIGHACTIVE;HIGHACTIVE;LOWACTIVE;HIGHACTIVE
15:55:59;HIGHACTIVE;HIGHACTIVE;LOWACTIVE;HIGHACTIVE
15:56:00;HIGHACTIVE;HIGHACTIVE;LOWACTIVE;HIGHACTIVE
15:56:01;HIGHACTIVE;HIGHACTIVE;LOWACTIVE;HIGHACTIVE
15:56:02;HIGHACTIVE;HIGHACTIVE;LOWACTIVE;HIGHACTIVE
15:56:03;HIGHACTIVE;HIGHACTIVE;LOWACTIVE;HIGHACTIVE
15:56:04;HIGHACTIVE;HIGHACTIVE;LOWACTIVE;HIGHACTIVE
15:56:05;HIGHACTIVE;HIGHACTIVE;LOWACTIVE;HIGHACTIVE
15:56:06;HIGHACTIVE;HIGHACTIVE;LOWACTIVE;HIGHACTIVE
15:56:07;HIGHACTIVE;HIGHACTIVE;LOWACTIVE;HIGHACTIVE
15:56:08;HIGHACTIVE;HIGHACTIVE;LOWACTIVE;HIGHACTIVE
15:56:09;HIGHACTIVE;HIGHACTIVE;LOWACTIVE;HIGHACTIVE
15:56:10;HIGHACTIVE;HIGHACTIVE;LOWACTIVE;HIGHACTIVE
15:56:11;HIGHACTIVE;HIGHACTIVE;LOWACTIVE;HIGHACTIVE
15:56:12;HIGHACTIVE;HIGHACTIVE;LOWACTIVE;HIGHACTIVE
15:56:14;HIGHACTIVE;HIGHACTIVE;LOWACTIVE;HIGHACTIVE
15:56:15;HIGHACTIVE;HIGHACTIVE;LOWACTIVE;HIGHACTIVE
15:56:16;HIGHACTIVE;HIGHACTIVE;LOWACTIVE;HIGHACTIVE
15:56:17;HIGHACTIVE;HIGHACTIVE;LOWACTIVE;HIGHACTIVE
15:56:18;HIGHACTIVE;HIGHACTIVE;LOWACTIVE;HIGHACTIVE
15:56:19;HIGHACTIVE;HIGHACTIVE;LOWACTIVE;HIGHACTIVE
15:56:20;HIGHACTIVE;HIGHACTIVE;LOWACTIVE;HIGHACTIVE
15:56:21;HIGHACTIVE;HIGHACTIVE;LOWACTIVE;HIGHACTIVE
15:56:22;HIGHACTIVE;HIGHACTIVE;LOWACTIVE;HIGHACTIVE
15:56:23;HIGHACTIVE;HIGHACTIVE;LOWACTIVE;HIGHACTIVE
15:56:24;HIGHACTIVE;HIGHACTIVE;LOWACTIVE;HIGHACTIVE
15:56:25;HIGHACTIVE;HIGHACTIVE;LOWACTIVE;HIGHACTIVE
15:56:26;HIGHACTIVE;HIGHACTIVE;LOWACTIVE;HIGHACTIVE
15:56:27;HIGHACTIVE;HIGHACTIVE;LOWACTIVE;HIGHACTIVE
15:56:28;HIGHACTIVE;HIGHACTIVE;LOWACTIVE;HIGHACTIVE
15:56:29;HIGHACTIVE;HIGHACTIVE;LOWACTIVE;HIGHACTIVE
15:56:30;HIGHACTIVE;HIGHACTIVE;LOWACTIVE;HIGHACTIVE
15:56:31;HIGHACTIVE;HIGHACTIVE;LOWACTIVE;HIGHACTIVE
15:56:32;HIGHACTIVE;HIGHACTIVE;LOWACTIVE;HIGHACTIVE
15:56:33;HIGHACTIVE;HIGHACTIVE;LOWACTIVE;HIGHACTIVE
15:56:34;HIGHACTIVE;HIGHACTIVE;LOWACTIVE;HIGHACTIVE
15:56:35;HIGHACTIVE;HIGHACTIVE;LOWACTIVE;HIGHACTIVE
15:56:36;HIGHACTIVE;HIGHACTIVE;LOWACTIVE;HIGHACTIVE
15:56:37;HIGHACTIVE;HIGHACTIVE;LOWACTIVE;HIGHACTIVE
15:56:39;HIGHACTIVE;HIGHACTIVE;LOWACTIVE;HIGHACTIVE
15:56:40;HIGHACTIVE;HIGHACTIVE;LOWACTIVE;HIGHACTIVE
15:56:41;HIGHACTIVE;HIGHACTIVE;LOWACTIVE;HIGHACTIVE
15:56:42;HIGHACTIVE;HIGHACTIVE;LOWACTIVE;HIGHACTIVE
15:56:43;HIGHACTIVE;HIGHACTIVE;LOWACTIVE;HIGHACTIVE
15:56:44;HIGHACTIVE;HIGHACTIVE;LOWACTIVE;HIGHACTIVE
15:56:45;HIGHACTIVE;HIGHACTIVE;LOWACTIVE;HIGHACTIVE
15:56:46;HIGHACTIVE;HIGHACTIVE;LOWACTIVE;HIGHACTIVE
15:56:47;HIGHACTIVE;HIGHACTIVE;LOWACTIVE;HIGHACTIVE
15:56:48;HIGHACTIVE;HIGHACTIVE;LOWACTIVE;HIGHACTIVE
15:56:49;HIGHACTIVE;HIGHACTIVE;LOWACTIVE;HIGHACTIVE
15:56:50;HIGHACTIVE;HIGHACTIVE;LOWACTIVE;HIGHACTIVE
15:56:51;HIGHACTIVE;HIGHACTIVE;LOWACTIVE;HIGHACTIVE
15:56:52;HIGHACTIVE;HIGHACTIVE;LOWACTIVE;HIGHACTIVE
15:56:53;HIGHACTIVE;HIGHACTIVE;LOWACTIVE;HIGHACTIVE
15:56:54;HIGHACTIVE;HIGHACTIVE;LOWACTIVE;HIGHACTIVE
15:56:55;HIGHACTIVE;HIGHACTIVE;LOWACTIVE;HIGHACTIVE
15:56:56;HIGHACTIVE;HIGHACTIVE;LOWACTIVE;HIGHACTIVE
15:56:57;HIGHACTIVE;HIGHACTIVE;LOWACTIVE;HIGHACTIVE
15:56:58;HIGHACTIVE;HIGHACTIVE;LOWACTIVE;HIGHACTIVE
15:56:59;HIGHACTIVE;HIGHACTIVE;LOWACTIVE;HIGHACTIVE
15:57:00;HIGHACTIVE;HIGHACTIVE;LOWACTIVE;HIGHACTIVE
15:57:01;HIGHACTIVE;HIGHACTIVE;LOWACTIVE;HIGHACTIVE
15:57:02;HIGHACTIVE;HIGHACTIVE;LOWACTIVE;HIGHACTIVE
15:57:04;HIGHACTIVE;HIGHACTIVE;LOWACTIVE;HIGHACTIVE
15:57:05;HIGHACTIVE;HIGHACTIVE;LOWACTIVE;HIGHACTIVE
15:57:06;HIGHACTIVE;HIGHACTIVE;LOWACTIVE;HIGHACTIVE
15:57:07;HIGHACTIVE;HIGHACTIVE;LOWACTIVE;HIGHACTIVE
15:57:08;HIGHACTIVE;HIGHACTIVE;LOWACTIVE;HIGHACTIVE
15:57:09;HIGHACTIVE;HIGHACTIVE;LOWACTIVE;HIGHACTIVE
15:57:10;HIGHACTIVE;HIGHACTIVE;LOWACTIVE;HIGHACTIVE
15:57:11;HIGHACTIVE;HIGHACTIVE;LOWACTIVE;HIGHACTIVE
15:57:12;HIGHACTIVE;HIGHACTIVE;LOWACTIVE;HIGHACTIVE
15:57:13;HIGHACTIVE;HIGHACTIVE;LOWACTIVE;HIGHACTIVE
15:57:14;HIGHACTIVE;HIGHACTIVE;LOWACTIVE;HIGHACTIVE
15:57:15;HIGHACTIVE;HIGHACTIVE;LOWACTIVE;HIGHACTIVE
15:57:16;HIGHACTIVE;HIGHACTIVE;LOWACTIVE;HIGHACTIVE
15:57:17;HIGHACTIVE;HIGHACTIVE;LOWACTIVE;HIGHACTIVE
15:57:18;HIGHACTIVE;HIGHACTIVE;LOWACTIVE;HIGHACTIVE
15:57:19;HIGHACTIVE;HIGHACTIVE;LOWACTIVE;HIGHACTIVE
15:57:20;HIGHACTIVE;HIGHACTIVE;LOWACTIVE;HIGHACTIVE
15:57:21;HIGHACTIVE;HIGHACTIVE;LOWACTIVE;HIGHACTIVE
15:57:22;HIGHACTIVE;HIGHACTIVE;LOWACTIVE;HIGHACTIVE
15:57:23;HIGHACTIVE;HIGHACTIVE;LOWACTIVE;HIGHACTIVE
15:57:24;HIGHACTIVE;HIGHACTIVE;LOWACTIVE;HIGHACTIVE
15:57:25;HIGHACTIVE;HIGHACTIVE;LOWACTIVE;HIGHACTIVE
15:57:26;HIGHACTIVE;HIGHACTIVE;LOWACTIVE;HIGHACTIVE
15:57:27;HIGHACTIVE;HIGHACTIVE;LOWACTIVE;HIGHACTIVE
15:57:29;HIGHACTIVE;HIGHACTIVE;LOWACTIVE;HIGHACTIVE
15:57:30;HIGHACTIVE;HIGHACTIVE;LOWACTIVE;HIGHACTIVE
15:57:31;HIGHACTIVE;HIGHACTIVE;LOWACTIVE;HIGHACTIVE
15:57:32;HIGHACTIVE;HIGHACTIVE;LOWACTIVE;HIGHACTIVE
15:57:33;HIGHACTIVE;HIGHACTIVE;LOWACTIVE;HIGHACTIVE
15:57:34;HIGHACTIVE;HIGHACTIVE;LOWACTIVE;HIGHACTIVE
15:57:35;HIGHACTIVE;HIGHACTIVE;LOWACTIVE;HIGHACTIVE
15:57:36;HIGHACTIVE;HIGHACTIVE;LOWACTIVE;HIGHACTIVE
15:57:37;HIGHACTIVE;HIGHACTIVE;LOWACTIVE;HIGHACTIVE
15:57:38;HIGHACTIVE;HIGHACTIVE;LOWACTIVE;HIGHACTIVE
15:57:39;HIGHACTIVE;HIGHACTIVE;LOWACTIVE;HIGHACTIVE
15:57:40;HIGHACTIVE;HIGHACTIVE;LOWACTIVE;HIGHACTIVE
15:57:41;HIGHACTIVE;HIGHACTIVE;LOWACTIVE;HIGHACTIVE
15:57:42;HIGHACTIVE;HIGHACTIVE;LOWACTIVE;HIGHACTIVE
15:57:43;HIGHACTIVE;HIGHACTIVE;LOWACTIVE;HIGHACTIVE
15:57:44;HIGHACTIVE;HIGHACTIVE;LOWACTIVE;HIGHACTIVE
15:57:45;HIGHACTIVE;HIGHACTIVE;LOWACTIVE;HIGHACTIVE
15:57:46;HIGHACTIVE;HIGHACTIVE;LOWACTIVE;HIGHACTIVE
15:57:47;HIGHACTIVE;HIGHACTIVE;LOWACTIVE;HIGHACTIVE
15:57:48;HIGHACTIVE;HIGHACTIVE;LOWACTIVE;HIGHACTIVE
15:57:49;HIGHACTIVE;HIGHACTIVE;LOWACTIVE;HIGHACTIVE
15:57:50;HIGHACTIVE;HIGHACTIVE;LOWACTIVE;HIGHACTIVE
15:57:51;HIGHACTIVE;HIGHACTIVE;LOWACTIVE;HIGHACTIVE
15:57:52;HIGHACTIVE;HIGHACTIVE;LOWACTIVE;HIGHACTIVE
15:57:54;HIGHACTIVE;HIGHACTIVE;LOWACTIVE;HIGHACTIVE
15:57:55;HIGHACTIVE;HIGHACTIVE;LOWACTIVE;HIGHACTIVE
15:57:56;HIGHACTIVE;HIGHACTIVE;LOWACTIVE;HIGHACTIVE
15:57:57;HIGHACTIVE;HIGHACTIVE;LOWACTIVE;HIGHACTIVE
15:57:58;HIGHACTIVE;HIGHACTIVE;LOWACTIVE;HIGHACTIVE
15:57:59;HIGHACTIVE;HIGHACTIVE;LOWACTIVE;HIGHACTIVE
15:58:00;HIGHACTIVE;HIGHACTIVE;LOWACTIVE;HIGHACTIVE
15:58:01;HIGHACTIVE;HIGHACTIVE;LOWACTIVE;HIGHACTIVE
15:58:02;HIGHACTIVE;HIGHACTIVE;LOWACTIVE;HIGHACTIVE
15:58:03;HIGHACTIVE;HIGHACTIVE;LOWACTIVE;HIGHACTIVE
15:58:04;HIGHACTIVE;HIGHACTIVE;LOWACTIVE;HIGHACTIVE
15:58:05;HIGHACTIVE;HIGHACTIVE;LOWACTIVE;HIGHACTIVE
15:58:06;HIGHACTIVE;HIGHACTIVE;LOWACTIVE;HIGHACTIVE
15:58:07;HIGHACTIVE;HIGHACTIVE;LOWACTIVE;HIGHACTIVE
15:58:08;HIGHACTIVE;HIGHACTIVE;LOWACTIVE;HIGHACTIVE
15:58:09;HIGHACTIVE;HIGHACTIVE;LOWACTIVE;HIGHACTIVE
15:58:10;HIGHACTIVE;HIGHACTIVE;LOWACTIVE;HIGHACTIVE
15:58:11;HIGHACTIVE;HIGHACTIVE;LOWACTIVE;HIGHACTIVE
15:58:12;HIGHACTIVE;HIGHACTIVE;LOWACTIVE;HIGHACTIVE
15:58:13;HIGHACTIVE;HIGHACTIVE;LOWACTIVE;HIGHACTIVE
15:58:14;HIGHACTIVE;HIGHACTIVE;LOWACTIVE;HIGHACTIVE
15:58:15;HIGHACTIVE;HIGHACTIVE;LOWACTIVE;HIGHACTIVE
15:58:16;HIGHACTIVE;HIGHACTIVE;LOWACTIVE;HIGHACTIVE
15:58:17;HIGHACTIVE;HIGHACTIVE;LOWACTIVE;HIGHACTIVE
15:58:19;HIGHACTIVE;HIGHACTIVE;LOWACTIVE;HIGHACTIVE
15:58:20;HIGHACTIVE;HIGHACTIVE;LOWACTIVE;HIGHACTIVE
15:58:21;HIGHACTIVE;HIGHACTIVE;LOWACTIVE;HIGHACTIVE
15:58:22;HIGHACTIVE;HIGHACTIVE;LOWACTIVE;HIGHACTIVE
15:58:23;HIGHACTIVE;HIGHACTIVE;LOWACTIVE;HIGHACTIVE
15:58:24;HIGHACTIVE;HIGHACTIVE;LOWACTIVE;HIGHACTIVE
15:58:25;HIGHACTIVE;HIGHACTIVE;LOWACTIVE;HIGHACTIVE
15:58:26;HIGHACTIVE;HIGHACTIVE;LOWACTIVE;HIGHACTIVE
15:58:27;HIGHACTIVE;HIGHACTIVE;LOWACTIVE;HIGHACTIVE
15:58:28;HIGHACTIVE;HIGHACTIVE;LOWACTIVE;HIGHACTIVE
15:58:29;HIGHACTIVE;HIGHACTIVE;LOWACTIVE;HIGHACTIVE
15:58:30;HIGHACTIVE;HIGHACTIVE;LOWACTIVE;HIGHACTIVE
15:58:31;HIGHACTIVE;HIGHACTIVE;LOWACTIVE;HIGHACTIVE
15:58:32;HIGHACTIVE;HIGHACTIVE;LOWACTIVE;HIGHACTIVE
15:58:33;HIGHACTIVE;HIGHACTIVE;LOWACTIVE;HIGHACTIVE
15:58:34;HIGHACTIVE;HIGHACTIVE;LOWACTIVE;HIGHACTIVE
15:58:35;HIGHACTIVE;HIGHACTIVE;LOWACTIVE;HIGHACTIVE
15:58:36;HIGHACTIVE;HIGHACTIVE;LOWACTIVE;HIGHACTIVE
15:58:37;HIGHACTIVE;HIGHACTIVE;LOWACTIVE;HIGHACTIVE
15:58:38;HIGHACTIVE;HIGHACTIVE;LOWACTIVE;HIGHACTIVE
15:58:39;HIGHACTIVE;HIGHACTIVE;LOWACTIVE;HIGHACTIVE
15:58:40;HIGHACTIVE;HIGHACTIVE;LOWACTIVE;HIGHACTIVE
15:58:41;HIGHACTIVE;HIGHACTIVE;LOWACTIVE;HIGHACTIVE
15:58:42;HIGHACTIVE;HIGHACTIVE;LOWACTIVE;
15:58:43;;;;HIGHACTIVE
15:58:44;HIGHACTIVE;HIGHACTIVE;LOWACTIVE;HIGHACTIVE
15:58:45;HIGHACTIVE;HIGHACTIVE;LOWACTIVE;HIGHACTIVE
15:58:46;HIGHACTIVE;HIGHACTIVE;LOWACTIVE;HIGHACTIVE
15:58:47;HIGHACTIVE;HIGHACTIVE;LOWACTIVE;HIGHACTIVE
15:58:48;HIGHACTIVE;HIGHACTIVE;LOWACTIVE;HIGHACTIVE
15:58:49;HIGHACTIVE;HIGHACTIVE;LOWACTIVE;HIGHACTIVE
15:58:50;HIGHACTIVE;HIGHACTIVE;LOWACTIVE;HIGHACTIVE
15:58:51;HIGHACTIVE;HIGHACTIVE;LOWACTIVE;HIGHACTIVE
15:58:52;HIGHACTIVE;HIGHACTIVE;LOWACTIVE;HIGHACTIVE
15:58:53;HIGHACTIVE;HIGHACTIVE;LOWACTIVE;HIGHACTIVE
15:58:54;HIGHACTIVE;HIGHACTIVE;LOWACTIVE;HIGHACTIVE
15:58:55;HIGHACTIVE;HIGHACTIVE;LOWACTIVE;HIGHACTIVE
15:58:56;HIGHACTIVE;HIGHACTIVE;LOWACTIVE;HIGHACTIVE
15:58:57;HIGHACTIVE;HIGHACTIVE;LOWACTIVE;HIGHACTIVE
15:58:58;HIGHACTIVE;HIGHACTIVE;LOWACTIVE;HIGHACTIVE
15:58:59;HIGHACTIVE;HIGHACTIVE;LOWACTIVE;HIGHACTIVE
15:59:00;HIGHACTIVE;HIGHACTIVE;LOWACTIVE;HIGHACTIVE
15:59:01;HIGHACTIVE;HIGHACTIVE;LOWACTIVE;HIGHACTIVE
15:59:02;HIGHACTIVE;HIGHACTIVE;LOWACTIVE;HIGHACTIVE
15:59:03;HIGHACTIVE;HIGHACTIVE;LOWACTIVE;HIGHACTIVE
15:59:04;HIGHACTIVE;HIGHACTIVE;LOWACTIVE;HIGHACTIVE
15:59:05;HIGHACTIVE;HIGHACTIVE;LOWACTIVE;HIGHACTIVE
15:59:06;HIGHACTIVE;HIGHACTIVE;LOWACTIVE;HIGHACTIVE
15:59:08;HIGHACTIVE;HIGHACTIVE;LOWACTIVE;HIGHACTIVE
15:59:09;HIGHACTIVE;HIGHACTIVE;LOWACTIVE;HIGHACTIVE
15:59:10;HIGHACTIVE;HIGHACTIVE;LOWACTIVE;HIGHACTIVE
15:59:11;HIGHACTIVE;HIGHACTIVE;LOWACTIVE;HIGHACTIVE
15:59:12;HIGHACTIVE;HIGHACTIVE;LOWACTIVE;HIGHACTIVE
15:59:13;HIGHACTIVE;HIGHACTIVE;LOWACTIVE;HIGHACTIVE
15:59:14;HIGHACTIVE;HIGHACTIVE;LOWACTIVE;HIGHACTIVE
15:59:15;HIGHACTIVE;HIGHACTIVE;LOWACTIVE;HIGHACTIVE
15:59:16;HIGHACTIVE;HIGHACTIVE;LOWACTIVE;HIGHACTIVE
15:59:17;HIGHACTIVE;HIGHACTIVE;LOWACTIVE;HIGHACTIVE
15:59:18;HIGHACTIVE;HIGHACTIVE;LOWACTIVE;HIGHACTIVE
15:59:19;HIGHACTIVE;HIGHACTIVE;LOWACTIVE;HIGHACTIVE
15:59:20;HIGHACTIVE;HIGHACTIVE;LOWACTIVE;HIGHACTIVE
15:59:21;HIGHACTIVE;HIGHACTIVE;LOWACTIVE;HIGHACTIVE
15:59:22;HIGHACTIVE;HIGHACTIVE;LOWACTIVE;HIGHACTIVE
15:59:23;HIGHACTIVE;HIGHACTIVE;LOWACTIVE;HIGHACTIVE
15:59:24;HIGHACTIVE;HIGHACTIVE;LOWACTIVE;HIGHACTIVE
15:59:25;HIGHACTIVE;HIGHACTIVE;LOWACTIVE;HIGHACTIVE
15:59:26;HIGHACTIVE;HIGHACTIVE;LOWACTIVE;HIGHACTIVE
15:59:27;HIGHACTIVE;HIGHACTIVE;LOWACTIVE;HIGHACTIVE
15:59:28;HIGHACTIVE;HIGHACTIVE;LOWACTIVE;HIGHACTIVE
15:59:29;HIGHACTIVE;HIGHACTIVE;LOWACTIVE;HIGHACTIVE
15:59:30;HIGHACTIVE;HIGHACTIVE;LOWACTIVE;HIGHACTIVE
15:59:31;HIGHACTIVE;HIGHACTIVE;LOWACTIVE;HIGHACTIVE
15:59:33;HIGHACTIVE;HIGHACTIVE;LOWACTIVE;HIGHACTIVE
15:59:34;HIGHACTIVE;HIGHACTIVE;LOWACTIVE;HIGHACTIVE
15:59:35;HIGHACTIVE;HIGHACTIVE;LOWACTIVE;HIGHACTIVE
15:59:36;HIGHACTIVE;HIGHACTIVE;LOWACTIVE;HIGHACTIVE
15:59:37;HIGHACTIVE;HIGHACTIVE;LOWACTIVE;HIGHACTIVE
15:59:38;HIGHACTIVE;HIGHACTIVE;LOWACTIVE;HIGHACTIVE
15:59:39;HIGHACTIVE;HIGHACTIVE;LOWACTIVE;HIGHACTIVE
15:59:40;HIGHACTIVE;HIGHACTIVE;LOWACTIVE;HIGHACTIVE
15:59:41;HIGHACTIVE;HIGHACTIVE;LOWACTIVE;HIGHACTIVE
15:59:42;HIGHACTIVE;HIGHACTIVE;LOWACTIVE;HIGHACTIVE
15:59:43;HIGHACTIVE;HIGHACTIVE;LOWACTIVE;HIGHACTIVE
15:59:44;HIGHACTIVE;HIGHACTIVE;LOWACTIVE;HIGHACTIVE
15:59:45;HIGHACTIVE;HIGHACTIVE;LOWACTIVE;HIGHACTIVE
15:59:46;HIGHACTIVE;HIGHACTIVE;LOWACTIVE;HIGHACTIVE
15:59:47;HIGHACTIVE;HIGHACTIVE;LOWACTIVE;HIGHACTIVE
15:59:48;HIGHACTIVE;HIGHACTIVE;LOWACTIVE;HIGHACTIVE
15:59:49;HIGHACTIVE;HIGHACTIVE;LOWACTIVE;HIGHACTIVE
15:59:50;HIGHACTIVE;HIGHACTIVE;LOWACTIVE;HIGHACTIVE
15:59:51;HIGHACTIVE;HIGHACTIVE;LOWACTIVE;HIGHACTIVE
15:59:52;HIGHACTIVE;HIGHACTIVE;LOWACTIVE;HIGHACTIVE
15:59:53;HIGHACTIVE;HIGHACTIVE;LOWACTIVE;HIGHACTIVE
15:59:54;HIGHACTIVE;HIGHACTIVE;LOWACTIVE;HIGHACTIVE
15:59:55;HIGHACTIVE;HIGHACTIVE;LOWACTIVE;HIGHACTIVE
15:59:56;HIGHACTIVE;HIGHACTIVE;LOWACTIVE;HIGHACTIVE
15:59:58;HIGHACTIVE;HIGHACTIVE;LOWACTIVE;HIGHACTIVE
15:59:59;HIGHACTIVE;HIGHACTIVE;LOWACTIVE;HIGHACTIVE
16:00:00;HIGHACTIVE;HIGHACTIVE;LOWACTIVE;HIGHACTIVE
16:00:01;HIGHACTIVE;HIGHACTIVE;LOWACTIVE;HIGHACTIVE
16:00:02;HIGHACTIVE;HIGHACTIVE;LOWACTIVE;HIGHACTIVE
16:00:03;HIGHACTIVE;HIGHACTIVE;LOWACTIVE;HIGHACTIVE
16:00:04;LOWACTIVE;HIGHACTIVE;LOWACTIVE;LOWACTIVE
16:00:05;LOWACTIVE;HIGHACTIVE;LOWACTIVE;LOWACTIVE
16:00:06;LOWACTIVE;HIGHACTIVE;LOWACTIVE;LOWACTIVE
16:00:07;LOWACTIVE;HIGHACTIVE;LOWACTIVE;LOWACTIVE
16:00:08;LOWACTIVE;HIGHACTIVE;LOWACTIVE;LOWACTIVE
16:00:09;LOWACTIVE;HIGHACTIVE;LOWACTIVE;LOWACTIVE
16:00:10;LOWACTIVE;HIGHACTIVE;LOWACTIVE;LOWACTIVE
16:00:11;LOWACTIVE;HIGHACTIVE;LOWACTIVE;LOWACTIVE
16:00:12;LOWACTIVE;HIGHACTIVE;LOWACTIVE;LOWACTIVE
16:00:13;LOWACTIVE;HIGHACTIVE;LOWACTIVE;LOWACTIVE
16:00:14;LOWACTIVE;HIGHACTIVE;LOWACTIVE;LOWACTIVE
16:00:15;LOWACTIVE;HIGHACTIVE;LOWACTIVE;LOWACTIVE
16:00:16;LOWACTIVE;HIGHACTIVE;LOWACTIVE;LOWACTIVE
16:00:17;LOWACTIVE;HIGHACTIVE;LOWACTIVE;LOWACTIVE
16:00:18;LOWACTIVE;HIGHACTIVE;LOWACTIVE;LOWACTIVE
16:00:19;LOWACTIVE;HIGHACTIVE;LOWACTIVE;LOWACTIVE
16:00:20;LOWACTIVE;HIGHACTIVE;LOWACTIVE;LOWACTIVE
16:00:21;LOWACTIVE;HIGHACTIVE;LOWACTIVE;LOWACTIVE
16:00:23;LOWACTIVE;HIGHACTIVE;LOWACTIVE;LOWACTIVE
16:00:24;LOWACTIVE;HIGHACTIVE;LOWACTIVE;LOWACTIVE
16:00:25;LOWACTIVE;HIGHACTIVE;LOWACTIVE;LOWACTIVE
16:00:26;LOWACTIVE;HIGHACTIVE;LOWACTIVE;LOWACTIVE
16:00:27;LOWACTIVE;HIGHACTIVE;LOWACTIVE;LOWACTIVE
16:00:28;LOWACTIVE;HIGHACTIVE;LOWACTIVE;LOWACTIVE
16:00:29;LOWACTIVE;HIGHACTIVE;LOWACTIVE;LOWACTIVE
16:00:30;LOWACTIVE;HIGHACTIVE;LOWACTIVE;LOWACTIVE
16:00:31;LOWACTIVE;HIGHACTIVE;LOWACTIVE;LOWACTIVE
16:00:32;LOWACTIVE;HIGHACTIVE;LOWACTIVE;LOWACTIVE
16:00:33;LOWACTIVE;HIGHACTIVE;LOWACTIVE;LOWACTIVE
16:00:34;LOWACTIVE;HIGHACTIVE;LOWACTIVE;LOWACTIVE
16:00:35;LOWACTIVE;HIGHACTIVE;LOWACTIVE;LOWACTIVE
16:00:36;LOWACTIVE;HIGHACTIVE;LOWACTIVE;LOWACTIVE
16:00:37;LOWACTIVE;HIGHACTIVE;LOWACTIVE;LOWACTIVE
16:00:38;LOWACTIVE;HIGHACTIVE;LOWACTIVE;LOWACTIVE
16:00:39;LOWACTIVE;HIGHACTIVE;LOWACTIVE;LOWACTIVE
16:00:40;LOWACTIVE;HIGHACTIVE;LOWACTIVE;LOWACTIVE
16:00:41;LOWACTIVE;HIGHACTIVE;LOWACTIVE;LOWACTIVE
16:00:42;LOWACTIVE;HIGHACTIVE;LOWACTIVE;LOWACTIVE
16:00:43;LOWACTIVE;HIGHACTIVE;LOWACTIVE;LOWACTIVE
16:00:44;LOWACTIVE;HIGHACTIVE;LOWACTIVE;LOWACTIVE
16:00:45;LOWACTIVE;HIGHACTIVE;LOWACTIVE;LOWACTIVE
16:00:46;LOWACTIVE;;;
16:00:47;;HIGHACTIVE;LOWACTIVE;LOWACTIVE
16:00:48;LOWACTIVE;HIGHACTIVE;LOWACTIVE;LOWACTIVE
16:00:49;LOWACTIVE;HIGHACTIVE;LOWACTIVE;LOWACTIVE
16:00:50;LOWACTIVE;HIGHACTIVE;LOWACTIVE;LOWACTIVE
16:00:51;LOWACTIVE;HIGHACTIVE;LOWACTIVE;LOWACTIVE
16:00:52;LOWACTIVE;HIGHACTIVE;LOWACTIVE;LOWACTIVE
16:00:53;LOWACTIVE;HIGHACTIVE;LOWACTIVE;LOWACTIVE
16:00:54;LOWACTIVE;HIGHACTIVE;LOWACTIVE;LOWACTIVE
16:00:55;LOWACTIVE;HIGHACTIVE;LOWACTIVE;LOWACTIVE
16:00:56;LOWACTIVE;HIGHACTIVE;LOWACTIVE;LOWACTIVE
16:00:57;LOWACTIVE;HIGHACTIVE;LOWACTIVE;LOWACTIVE
16:00:58;LOWACTIVE;HIGHACTIVE;LOWACTIVE;LOWACTIVE
16:00:59;LOWACTIVE;HIGHACTIVE;LOWACTIVE;LOWACTIVE
16:01:00;LOWACTIVE;HIGHACTIVE;LOWACTIVE;LOWACTIVE
16:01:01;LOWACTIVE;HIGHACTIVE;LOWACTIVE;LOWACTIVE
16:01:02;LOWACTIVE;HIGHACTIVE;LOWACTIVE;LOWACTIVE
16:01:03;LOWACTIVE;HIGHACTIVE;LOWACTIVE;LOWACTIVE
16:01:04;LOWACTIVE;HIGHACTIVE;LOWACTIVE;LOWACTIVE
16:01:05;LOWACTIVE;HIGHACTIVE;LOWACTIVE;LOWACTIVE
16:01:06;LOWACTIVE;HIGHACTIVE;LOWACTIVE;LOWACTIVE
16:01:07;LOWACTIVE;HIGHACTIVE;LOWACTIVE;LOWACTIVE
16:01:08;LOWACTIVE;HIGHACTIVE;LOWACTIVE;LOWACTIVE
16:01:09;LOWACTIVE;HIGHACTIVE;LOWACTIVE;LOWACTIVE
16:01:10;LOWACTIVE;HIGHACTIVE;LOWACTIVE;LOWACTIVE
16:01:12;LOWACTIVE;HIGHACTIVE;LOWACTIVE;LOWACTIVE
16:01:13;LOWACTIVE;HIGHACTIVE;LOWACTIVE;LOWACTIVE
16:01:14;LOWACTIVE;HIGHACTIVE;LOWACTIVE;LOWACTIVE
16:01:15;LOWACTIVE;HIGHACTIVE;LOWACTIVE;LOWACTIVE
16:01:16;LOWACTIVE;HIGHACTIVE;LOWACTIVE;LOWACTIVE
16:01:17;LOWACTIVE;HIGHACTIVE;LOWACTIVE;LOWACTIVE
16:01:18;LOWACTIVE;HIGHACTIVE;LOWACTIVE;LOWACTIVE
16:01:19;LOWACTIVE;HIGHACTIVE;LOWACTIVE;LOWACTIVE
16:01:20;LOWACTIVE;HIGHACTIVE;LOWACTIVE;LOWACTIVE
16:01:21;LOWACTIVE;HIGHACTIVE;LOWACTIVE;LOWACTIVE
16:01:22;LOWACTIVE;HIGHACTIVE;LOWACTIVE;LOWACTIVE
16:01:23;LOWACTIVE;HIGHACTIVE;LOWACTIVE;LOWACTIVE
16:01:24;LOWACTIVE;HIGHACTIVE;LOWACTIVE;LOWACTIVE
16:01:25;LOWACTIVE;HIGHACTIVE;LOWACTIVE;LOWACTIVE
16:01:26;LOWACTIVE;HIGHACTIVE;LOWACTIVE;LOWACTIVE
16:01:27;LOWACTIVE;HIGHACTIVE;LOWACTIVE;LOWACTIVE
16:01:28;LOWACTIVE;HIGHACTIVE;LOWACTIVE;LOWACTIVE
16:01:29;LOWACTIVE;HIGHACTIVE;LOWACTIVE;LOWACTIVE
16:01:30;LOWACTIVE;HIGHACTIVE;LOWACTIVE;LOWACTIVE
16:01:31;LOWACTIVE;HIGHACTIVE;LOWACTIVE;LOWACTIVE
16:01:32;LOWACTIVE;HIGHACTIVE;LOWACTIVE;LOWACTIVE
16:01:33;LOWACTIVE;HIGHACTIVE;LOWACTIVE;LOWACTIVE
16:01:34;LOWACTIVE;HIGHACTIVE;LOWACTIVE;LOWACTIVE
16:01:35;LOWACTIVE;HIGHACTIVE;LOWACTIVE;LOWACTIVE
16:01:37;LOWACTIVE;HIGHACTIVE;LOWACTIVE;LOWACTIVE
16:01:38;LOWACTIVE;HIGHACTIVE;LOWACTIVE;LOWACTIVE
16:01:39;LOWACTIVE;HIGHACTIVE;LOWACTIVE;LOWACTIVE
16:01:40;LOWACTIVE;HIGHACTIVE;LOWACTIVE;LOWACTIVE
16:01:41;LOWACTIVE;HIGHACTIVE;LOWACTIVE;LOWACTIVE
16:01:42;LOWACTIVE;HIGHACTIVE;LOWACTIVE;LOWACTIVE
16:01:43;LOWACTIVE;HIGHACTIVE;LOWACTIVE;LOWACTIVE
16:01:44;LOWACTIVE;HIGHACTIVE;LOWACTIVE;LOWACTIVE
16:01:45;LOWACTIVE;HIGHACTIVE;LOWACTIVE;LOWACTIVE
16:01:46;LOWACTIVE;HIGHACTIVE;LOWACTIVE;LOWACTIVE
16:01:47;LOWACTIVE;HIGHACTIVE;LOWACTIVE;LOWACTIVE
16:01:48;LOWACTIVE;HIGHACTIVE;LOWACTIVE;LOWACTIVE
16:01:49;LOWACTIVE;HIGHACTIVE;LOWACTIVE;LOWACTIVE
16:01:50;LOWACTIVE;HIGHACTIVE;LOWACTIVE;LOWACTIVE
16:01:51;LOWACTIVE;HIGHACTIVE;LOWACTIVE;LOWACTIVE
16:01:52;LOWACTIVE;HIGHACTIVE;LOWACTIVE;LOWACTIVE
16:01:53;LOWACTIVE;HIGHACTIVE;LOWACTIVE;LOWACTIVE
16:01:54;LOWACTIVE;HIGHACTIVE;LOWACTIVE;LOWACTIVE
16:01:55;LOWACTIVE;HIGHACTIVE;LOWACTIVE;LOWACTIVE
16:01:56;LOWACTIVE;HIGHACTIVE;LOWACTIVE;LOWACTIVE
16:01:57;LOWACTIVE;HIGHACTIVE;LOWACTIVE;LOWACTIVE
16:01:58;LOWACTIVE;HIGHACTIVE;LOWACTIVE;LOWACTIVE
16:01:59;LOWACTIVE;HIGHACTIVE;LOWACTIVE;LOWACTIVE
16:02:00;LOWACTIVE;HIGHACTIVE;LOWACTIVE;LOWACTIVE
16:02:02;LOWACTIVE;HIGHACTIVE;LOWACTIVE;LOWACTIVE
16:02:03;LOWACTIVE;HIGHACTIVE;LOWACTIVE;LOWACTIVE
16:02:04;LOWACTIVE;HIGHACTIVE;LOWACTIVE;LOWACTIVE
16:02:05;LOWACTIVE;HIGHACTIVE;LOWACTIVE;LOWACTIVE
16:02:06;LOWACTIVE;HIGHACTIVE;LOWACTIVE;LOWACTIVE
16:02:07;LOWACTIVE;HIGHACTIVE;LOWACTIVE;LOWACTIVE
16:02:08;LOWACTIVE;HIGHACTIVE;LOWACTIVE;LOWACTIVE
16:02:09;LOWACTIVE;HIGHACTIVE;LOWACTIVE;LOWACTIVE
16:02:10;LOWACTIVE;HIGHACTIVE;LOWACTIVE;LOWACTIVE
16:02:11;LOWACTIVE;HIGHACTIVE;LOWACTIVE;LOWACTIVE
16:02:12;LOWACTIVE;HIGHACTIVE;LOWACTIVE;LOWACTIVE
16:02:13;LOWACTIVE;HIGHACTIVE;LOWACTIVE;LOWACTIVE
16:02:14;LOWACTIVE;HIGHACTIVE;LOWACTIVE;LOWACTIVE
16:02:15;LOWACTIVE;HIGHACTIVE;LOWACTIVE;LOWACTIVE
16:02:16;LOWACTIVE;HIGHACTIVE;LOWACTIVE;LOWACTIVE
16:02:17;LOWACTIVE;HIGHACTIVE;LOWACTIVE;LOWACTIVE
16:02:18;LOWACTIVE;HIGHACTIVE;LOWACTIVE;LOWACTIVE
16:02:19;LOWACTIVE;HIGHACTIVE;LOWACTIVE;LOWACTIVE
16:02:20;LOWACTIVE;HIGHACTIVE;LOWACTIVE;LOWACTIVE
16:02:21;LOWACTIVE;HIGHACTIVE;LOWACTIVE;LOWACTIVE
16:02:22;LOWACTIVE;HIGHACTIVE;LOWACTIVE;LOWACTIVE
16:02:23;LOWACTIVE;HIGHACTIVE;LOWACTIVE;LOWACTIVE
16:02:24;LOWACTIVE;HIGHACTIVE;LOWACTIVE;LOWACTIVE
16:02:25;LOWACTIVE;HIGHACTIVE;LOWACTIVE;LOWACTIVE
16:02:27;LOWACTIVE;HIGHACTIVE;LOWACTIVE;LOWACTIVE
16:02:28;LOWACTIVE;HIGHACTIVE;LOWACTIVE;LOWACTIVE
16:02:29;LOWACTIVE;HIGHACTIVE;LOWACTIVE;LOWACTIVE
16:02:30;LOWACTIVE;HIGHACTIVE;LOWACTIVE;LOWACTIVE
16:02:31;LOWACTIVE;HIGHACTIVE;LOWACTIVE;LOWACTIVE
16:02:32;LOWACTIVE;HIGHACTIVE;LOWACTIVE;LOWACTIVE
16:02:33;LOWACTIVE;HIGHACTIVE;LOWACTIVE;LOWACTIVE
16:02:34;LOWACTIVE;HIGHACTIVE;LOWACTIVE;LOWACTIVE
16:02:35;LOWACTIVE;HIGHACTIVE;LOWACTIVE;LOWACTIVE
16:02:36;LOWACTIVE;HIGHACTIVE;LOWACTIVE;LOWACTIVE
16:02:37;LOWACTIVE;HIGHACTIVE;LOWACTIVE;LOWACTIVE
16:02:38;LOWACTIVE;HIGHACTIVE;LOWACTIVE;LOWACTIVE
16:02:39;LOWACTIVE;HIGHACTIVE;LOWACTIVE;LOWACTIVE
16:02:40;LOWACTIVE;HIGHACTIVE;LOWACTIVE;LOWACTIVE
16:02:41;LOWACTIVE;HIGHACTIVE;LOWACTIVE;LOWACTIVE
16:02:42;LOWACTIVE;HIGHACTIVE;LOWACTIVE;LOWACTIVE
16:02:43;LOWACTIVE;HIGHACTIVE;LOWACTIVE;LOWACTIVE
16:02:44;LOWACTIVE;HIGHACTIVE;LOWACTIVE;LOWACTIVE
16:02:45;LOWACTIVE;HIGHACTIVE;LOWACTIVE;LOWACTIVE
16:02:46;LOWACTIVE;HIGHACTIVE;LOWACTIVE;LOWACTIVE
16:02:47;LOWACTIVE;HIGHACTIVE;LOWACTIVE;LOWACTIVE
16:02:48;LOWACTIVE;HIGHACTIVE;LOWACTIVE;LOWACTIVE
16:02:49;LOWACTIVE;HIGHACTIVE;LOWACTIVE;LOWACTIVE
16:02:50;LOWACTIVE;HIGHACTIVE;LOWACTIVE;LOWACTIVE
16:02:52;LOWACTIVE;HIGHACTIVE;LOWACTIVE;LOWACTIVE
16:02:53;LOWACTIVE;HIGHACTIVE;LOWACTIVE;LOWACTIVE
16:02:54;LOWACTIVE;HIGHACTIVE;LOWACTIVE;LOWACTIVE
16:02:55;LOWACTIVE;HIGHACTIVE;LOWACTIVE;LOWACTIVE
16:02:56;LOWACTIVE;HIGHACTIVE;LOWACTIVE;LOWACTIVE
16:02:57;LOWACTIVE;HIGHACTIVE;LOWACTIVE;LOWACTIVE
16:02:58;LOWACTIVE;HIGHACTIVE;LOWACTIVE;LOWACTIVE
16:02:59;LOWACTIVE;HIGHACTIVE;LOWACTIVE;LOWACTIVE
16:03:00;LOWACTIVE;HIGHACTIVE;LOWACTIVE;LOWACTIVE
16:03:01;LOWACTIVE;HIGHACTIVE;LOWACTIVE;LOWACTIVE
16:03:02;LOWACTIVE;HIGHACTIVE;LOWACTIVE;LOWACTIVE
16:03:03;LOWACTIVE;HIGHACTIVE;LOWACTIVE;LOWACTIVE
16:03:04;LOWACTIVE;HIGHACTIVE;LOWACTIVE;LOWACTIVE
16:03:05;LOWACTIVE;HIGHACTIVE;LOWACTIVE;LOWACTIVE
16:03:06;LOWACTIVE;HIGHACTIVE;LOWACTIVE;LOWACTIVE
16:03:07;LOWACTIVE;HIGHACTIVE;LOWACTIVE;LOWACTIVE
16:03:08;LOWACTIVE;HIGHACTIVE;LOWACTIVE;LOWACTIVE
16:03:09;LOWACTIVE;HIGHACTIVE;LOWACTIVE;LOWACTIVE
16:03:10;LOWACTIVE;HIGHACTIVE;LOWACTIVE;LOWACTIVE
16:03:11;LOWACTIVE;HIGHACTIVE;LOWACTIVE;LOWACTIVE
16:03:12;LOWACTIVE;HIGHACTIVE;LOWACTIVE;LOWACTIVE
16:03:13;LOWACTIVE;HIGHACTIVE;LOWACTIVE;LOWACTIVE
16:03:14;LOWACTIVE;HIGHACTIVE;LOWACTIVE;LOWACTIVE
16:03:15;LOWACTIVE;HIGHACTIVE;LOWACTIVE;LOWACTIVE
16:03:17;LOWACTIVE;HIGHACTIVE;LOWACTIVE;LOWACTIVE
16:03:18;LOWACTIVE;HIGHACTIVE;LOWACTIVE;LOWACTIVE
16:03:19;LOWACTIVE;HIGHACTIVE;LOWACTIVE;LOWACTIVE
16:03:20;LOWACTIVE;HIGHACTIVE;LOWACTIVE;LOWACTIVE
16:03:21;LOWACTIVE;HIGHACTIVE;LOWACTIVE;LOWACTIVE
16:03:22;LOWACTIVE;HIGHACTIVE;LOWACTIVE;LOWACTIVE
16:03:23;LOWACTIVE;HIGHACTIVE;LOWACTIVE;LOWACTIVE
16:03:24;LOWACTIVE;HIGHACTIVE;LOWACTIVE;LOWACTIVE
16:03:25;LOWACTIVE;HIGHACTIVE;LOWACTIVE;LOWACTIVE
16:03:26;LOWACTIVE;HIGHACTIVE;LOWACTIVE;LOWACTIVE
16:03:27;LOWACTIVE;HIGHACTIVE;LOWACTIVE;LOWACTIVE
16:03:28;LOWACTIVE;HIGHACTIVE;LOWACTIVE;LOWACTIVE
16:03:29;LOWACTIVE;HIGHACTIVE;LOWACTIVE;LOWACTIVE
16:03:30;LOWACTIVE;HIGHACTIVE;LOWACTIVE;LOWACTIVE
16:03:31;LOWACTIVE;HIGHACTIVE;LOWACTIVE;LOWACTIVE
16:03:32;LOWACTIVE;HIGHACTIVE;LOWACTIVE;LOWACTIVE
16:03:33;LOWACTIVE;HIGHACTIVE;LOWACTIVE;LOWACTIVE
16:03:34;LOWACTIVE;HIGHACTIVE;LOWACTIVE;LOWACTIVE
16:03:35;LOWACTIVE;HIGHACTIVE;LOWACTIVE;LOWACTIVE
16:03:36;LOWACTIVE;HIGHACTIVE;LOWACTIVE;LOWACTIVE
16:03:37;LOWACTIVE;HIGHACTIVE;LOWACTIVE;LOWACTIVE
16:03:38;LOWACTIVE;HIGHACTIVE;LOWACTIVE;LOWACTIVE
16:03:39;LOWACTIVE;HIGHACTIVE;LOWACTIVE;LOWACTIVE
16:03:41;LOWACTIVE;HIGHACTIVE;LOWACTIVE;LOWACTIVE
16:03:42;LOWACTIVE;HIGHACTIVE;LOWACTIVE;LOWACTIVE
16:03:43;LOWACTIVE;HIGHACTIVE;LOWACTIVE;LOWACTIVE
16:03:44;LOWACTIVE;HIGHACTIVE;LOWACTIVE;LOWACTIVE
16:03:45;LOWACTIVE;HIGHACTIVE;LOWACTIVE;LOWACTIVE
16:03:46;LOWACTIVE;HIGHACTIVE;LOWACTIVE;LOWACTIVE
16:03:47;LOWACTIVE;HIGHACTIVE;LOWACTIVE;LOWACTIVE
16:03:48;LOWACTIVE;HIGHACTIVE;LOWACTIVE;LOWACTIVE
16:03:49;LOWACTIVE;HIGHACTIVE;LOWACTIVE;LOWACTIVE
16:03:50;LOWACTIVE;HIGHACTIVE;LOWACTIVE;LOWACTIVE
16:03:51;LOWACTIVE;HIGHACTIVE;LOWACTIVE;LOWACTIVE
16:03:52;LOWACTIVE;HIGHACTIVE;LOWACTIVE;LOWACTIVE
16:03:53;LOWACTIVE;HIGHACTIVE;LOWACTIVE;LOWACTIVE
16:03:54;LOWACTIVE;HIGHACTIVE;LOWACTIVE;LOWACTIVE
16:03:55;LOWACTIVE;HIGHACTIVE;LOWACTIVE;LOWACTIVE
16:03:56;LOWACTIVE;HIGHACTIVE;LOWACTIVE;LOWACTIVE
16:03:57;LOWACTIVE;HIGHACTIVE;LOWACTIVE;LOWACTIVE
16:03:58;LOWACTIVE;HIGHACTIVE;LOWACTIVE;LOWACTIVE
16:03:59;LOWACTIVE;HIGHACTIVE;LOWACTIVE;LOWACTIVE
16:04:00;LOWACTIVE;HIGHACTIVE;LOWACTIVE;LOWACTIVE
16:04:01;LOWACTIVE;HIGHACTIVE;LOWACTIVE;LOWACTIVE
16:04:02;LOWACTIVE;HIGHACTIVE;LOWACTIVE;LOWACTIVE
16:04:03;LOWACTIVE;HIGHACTIVE;LOWACTIVE;LOWACTIVE
16:04:04;LOWACTIVE;;;
16:04:05;;HIGHACTIVE;LOWACTIVE;LOWACTIVE
16:04:06;LOWACTIVE;HIGHACTIVE;LOWACTIVE;LOWACTIVE
16:04:07;LOWACTIVE;HIGHACTIVE;LOWACTIVE;LOWACTIVE
16:04:08;LOWACTIVE;HIGHACTIVE;LOWACTIVE;LOWACTIVE
16:04:09;LOWACTIVE;HIGHACTIVE;LOWACTIVE;LOWACTIVE
16:04:10;LOWACTIVE;HIGHACTIVE;LOWACTIVE;LOWACTIVE
16:04:11;LOWACTIVE;HIGHACTIVE;LOWACTIVE;LOWACTIVE
16:04:12;LOWACTIVE;HIGHACTIVE;LOWACTIVE;LOWACTIVE
16:04:13;LOWACTIVE;HIGHACTIVE;LOWACTIVE;LOWACTIVE
16:04:14;LOWACTIVE;HIGHACTIVE;LOWACTIVE;LOWACTIVE
16:04:15;LOWACTIVE;HIGHACTIVE;LOWACTIVE;LOWACTIVE
16:04:16;LOWACTIVE;HIGHACTIVE;LOWACTIVE;LOWACTIVE
16:04:17;LOWACTIVE;HIGHACTIVE;LOWACTIVE;LOWACTIVE
16:04:18;LOWACTIVE;HIGHACTIVE;LOWACTIVE;LOWACTIVE
16:04:19;LOWACTIVE;HIGHACTIVE;LOWACTIVE;LOWACTIVE
16:04:20;LOWACTIVE;HIGHACTIVE;LOWACTIVE;LOWACTIVE
16:04:21;LOWACTIVE;HIGHACTIVE;LOWACTIVE;LOWACTIVE
16:04:22;LOWACTIVE;HIGHACTIVE;LOWACTIVE;LOWACTIVE
16:04:23;LOWACTIVE;HIGHACTIVE;LOWACTIVE;LOWACTIVE
16:04:24;LOWACTIVE;HIGHACTIVE;LOWACTIVE;LOWACTIVE
16:04:25;LOWACTIVE;HIGHACTIVE;LOWACTIVE;LOWACTIVE
16:04:26;LOWACTIVE;HIGHACTIVE;LOWACTIVE;LOWACTIVE
16:04:27;LOWACTIVE;HIGHACTIVE;LOWACTIVE;LOWACTIVE
16:04:28;LOWACTIVE;;;
16:04:29;;HIGHACTIVE;LOWACTIVE;LOWACTIVE
16:04:30;LOWACTIVE;HIGHACTIVE;LOWACTIVE;LOWACTIVE
16:04:31;LOWACTIVE;HIGHACTIVE;LOWACTIVE;LOWACTIVE
16:04:32;LOWACTIVE;HIGHACTIVE;LOWACTIVE;LOWACTIVE
16:04:33;LOWACTIVE;HIGHACTIVE;LOWACTIVE;LOWACTIVE
16:04:34;LOWACTIVE;HIGHACTIVE;LOWACTIVE;LOWACTIVE
16:04:35;LOWACTIVE;HIGHACTIVE;LOWACTIVE;LOWACTIVE
16:04:36;LOWACTIVE;HIGHACTIVE;LOWACTIVE;LOWACTIVE
16:04:37;LOWACTIVE;HIGHACTIVE;LOWACTIVE;LOWACTIVE
16:04:38;LOWACTIVE;HIGHACTIVE;LOWACTIVE;LOWACTIVE
16:04:39;LOWACTIVE;HIGHACTIVE;LOWACTIVE;LOWACTIVE
16:04:40;LOWACTIVE;HIGHACTIVE;LOWACTIVE;LOWACTIVE
16:04:41;LOWACTIVE;HIGHACTIVE;LOWACTIVE;LOWACTIVE
16:04:42;LOWACTIVE;HIGHACTIVE;LOWACTIVE;LOWACTIVE
16:04:43;LOWACTIVE;HIGHACTIVE;LOWACTIVE;LOWACTIVE
16:04:44;LOWACTIVE;HIGHACTIVE;LOWACTIVE;LOWACTIVE
16:04:45;LOWACTIVE;HIGHACTIVE;LOWACTIVE;LOWACTIVE
16:04:46;LOWACTIVE;HIGHACTIVE;LOWACTIVE;LOWACTIVE
16:04:47;LOWACTIVE;HIGHACTIVE;LOWACTIVE;LOWACTIVE
16:04:48;LOWACTIVE;HIGHACTIVE;LOWACTIVE;LOWACTIVE
16:04:49;LOWACTIVE;HIGHACTIVE;LOWACTIVE;LOWACTIVE
16:04:50;LOWACTIVE;HIGHACTIVE;LOWACTIVE;LOWACTIVE
16:04:51;LOWACTIVE;HIGHACTIVE;LOWACTIVE;LOWACTIVE
16:04:52;LOWACTIVE;HIGHACTIVE;LOWACTIVE;
16:04:53;;;;LOWACTIVE
16:04:54;LOWACTIVE;HIGHACTIVE;LOWACTIVE;LOWACTIVE
16:04:55;LOWACTIVE;HIGHACTIVE;LOWACTIVE;LOWACTIVE
16:04:56;LOWACTIVE;HIGHACTIVE;LOWACTIVE;LOWACTIVE
16:04:57;LOWACTIVE;HIGHACTIVE;LOWACTIVE;LOWACTIVE
16:04:58;LOWACTIVE;HIGHACTIVE;LOWACTIVE;LOWACTIVE
16:04:59;LOWACTIVE;HIGHACTIVE;LOWACTIVE;LOWACTIVE
16:05:00;LOWACTIVE;HIGHACTIVE;LOWACTIVE;LOWACTIVE
16:05:01;LOWACTIVE;HIGHACTIVE;LOWACTIVE;LOWACTIVE
16:05:02;LOWACTIVE;LOWACTIVE;LOWACTIVE;LOWACTIVE
16:05:03;LOWACTIVE;LOWACTIVE;LOWACTIVE;LOWACTIVE
16:05:04;LOWACTIVE;LOWACTIVE;LOWACTIVE;LOWACTIVE
16:05:05;LOWACTIVE;LOWACTIVE;LOWACTIVE;LOWACTIVE
16:05:06;LOWACTIVE;LOWACTIVE;LOWACTIVE;LOWACTIVE
16:05:07;LOWACTIVE;LOWACTIVE;LOWACTIVE;LOWACTIVE
16:05:08;LOWACTIVE;LOWACTIVE;LOWACTIVE;LOWACTIVE
16:05:09;LOWACTIVE;LOWACTIVE;LOWACTIVE;LOWACTIVE
16:05:10;LOWACTIVE;LOWACTIVE;LOWACTIVE;LOWACTIVE
16:05:11;LOWACTIVE;LOWACTIVE;LOWACTIVE;LOWACTIVE
16:05:12;LOWACTIVE;LOWACTIVE;LOWACTIVE;LOWACTIVE
16:05:13;LOWACTIVE;LOWACTIVE;LOWACTIVE;LOWACTIVE
16:05:14;LOWACTIVE;LOWACTIVE;LOWACTIVE;LOWACTIVE
16:05:15;LOWACTIVE;LOWACTIVE;LOWACTIVE;LOWACTIVE
16:05:16;LOWACTIVE;LOWACTIVE;;
16:05:17;;;LOWACTIVE;LOWACTIVE
16:05:18;LOWACTIVE;LOWACTIVE;LOWACTIVE;LOWACTIVE
16:05:19;LOWACTIVE;LOWACTIVE;LOWACTIVE;LOWACTIVE
16:05:20;LOWACTIVE;LOWACTIVE;LOWACTIVE;LOWACTIVE
16:05:21;LOWACTIVE;LOWACTIVE;LOWACTIVE;LOWACTIVE
16:05:22;LOWACTIVE;LOWACTIVE;LOWACTIVE;LOWACTIVE
16:05:23;LOWACTIVE;LOWACTIVE;LOWACTIVE;LOWACTIVE
16:05:24;LOWACTIVE;LOWACTIVE;LOWACTIVE;LOWACTIVE
16:05:25;LOWACTIVE;LOWACTIVE;LOWACTIVE;LOWACTIVE
16:05:26;LOWACTIVE;LOWACTIVE;LOWACTIVE;LOWACTIVE
16:05:27;LOWACTIVE;LOWACTIVE;LOWACTIVE;LOWACTIVE
16:05:28;LOWACTIVE;LOWACTIVE;LOWACTIVE;LOWACTIVE
16:05:29;LOWACTIVE;LOWACTIVE;LOWACTIVE;LOWACTIVE
16:05:30;LOWACTIVE;LOWACTIVE;LOWACTIVE;LOWACTIVE
16:05:31;LOWACTIVE;LOWACTIVE;LOWACTIVE;LOWACTIVE
16:05:32;LOWACTIVE;LOWACTIVE;LOWACTIVE;LOWACTIVE
16:05:33;LOWACTIVE;LOWACTIVE;LOWACTIVE;LOWACTIVE
16:05:34;LOWACTIVE;LOWACTIVE;LOWACTIVE;LOWACTIVE
16:05:35;LOWACTIVE;LOWACTIVE;LOWACTIVE;LOWACTIVE
16:05:36;LOWACTIVE;LOWACTIVE;LOWACTIVE;LOWACTIVE
16:05:37;LOWACTIVE;LOWACTIVE;LOWACTIVE;LOWACTIVE
16:05:38;LOWACTIVE;LOWACTIVE;LOWACTIVE;LOWACTIVE
16:05:39;LOWACTIVE;LOWACTIVE;LOWACTIVE;LOWACTIVE
16:05:40;LOWACTIVE;LOWACTIVE;LOWACTIVE;
16:05:41;;;;LOWACTIVE
16:05:42;LOWACTIVE;LOWACTIVE;LOWACTIVE;LOWACTIVE
16:05:43;LOWACTIVE;LOWACTIVE;LOWACTIVE;LOWACTIVE
16:05:44;LOWACTIVE;LOWACTIVE;LOWACTIVE;LOWACTIVE
16:05:45;LOWACTIVE;LOWACTIVE;LOWACTIVE;LOWACTIVE
16:05:46;LOWACTIVE;LOWACTIVE;LOWACTIVE;LOWACTIVE
16:05:47;LOWACTIVE;LOWACTIVE;LOWACTIVE;LOWACTIVE
16:05:48;LOWACTIVE;LOWACTIVE;LOWACTIVE;LOWACTIVE
16:05:49;LOWACTIVE;LOWACTIVE;LOWACTIVE;LOWACTIVE
16:05:50;LOWACTIVE;LOWACTIVE;LOWACTIVE;LOWACTIVE
16:05:51;LOWACTIVE;LOWACTIVE;LOWACTIVE;LOWACTIVE
16:05:52;LOWACTIVE;LOWACTIVE;LOWACTIVE;LOWACTIVE
16:05:53;LOWACTIVE;LOWACTIVE;LOWACTIVE;LOWACTIVE
16:05:54;LOWACTIVE;LOWACTIVE;LOWACTIVE;LOWACTIVE
16:05:55;LOWACTIVE;LOWACTIVE;LOWACTIVE;LOWACTIVE
16:05:56;LOWACTIVE;LOWACTIVE;LOWACTIVE;LOWACTIVE
16:05:57;LOWACTIVE;LOWACTIVE;LOWACTIVE;LOWACTIVE
16:05:58;LOWACTIVE;LOWACTIVE;LOWACTIVE;LOWACTIVE
16:05:59;LOWACTIVE;LOWACTIVE;LOWACTIVE;LOWACTIVE
16:06:00;LOWACTIVE;LOWACTIVE;LOWACTIVE;LOWACTIVE
16:06:01;LOWACTIVE;LOWACTIVE;LOWACTIVE;LOWACTIVE
16:06:02;LOWACTIVE;LOWACTIVE;LOWACTIVE;LOWACTIVE
16:06:03;LOWACTIVE;LOWACTIVE;LOWACTIVE;LOWACTIVE
16:06:04;LOWACTIVE;LOWACTIVE;LOWACTIVE;
16:06:05;;;;LOWACTIVE
16:06:06;LOWACTIVE;LOWACTIVE;LOWACTIVE;LOWACTIVE
16:06:07;LOWACTIVE;LOWACTIVE;LOWACTIVE;LOWACTIVE
16:06:08;LOWACTIVE;LOWACTIVE;LOWACTIVE;LOWACTIVE
16:06:09;LOWACTIVE;LOWACTIVE;LOWACTIVE;LOWACTIVE
16:06:10;LOWACTIVE;LOWACTIVE;LOWACTIVE;LOWACTIVE
16:06:11;LOWACTIVE;LOWACTIVE;LOWACTIVE;LOWACTIVE
16:06:12;LOWACTIVE;LOWACTIVE;LOWACTIVE;LOWACTIVE
16:06:13;LOWACTIVE;LOWACTIVE;LOWACTIVE;LOWACTIVE
16:06:14;LOWACTIVE;LOWACTIVE;LOWACTIVE;LOWACTIVE
16:06:15;LOWACTIVE;LOWACTIVE;LOWACTIVE;LOWACTIVE
16:06:16;LOWACTIVE;LOWACTIVE;LOWACTIVE;LOWACTIVE
16:06:17;LOWACTIVE;LOWACTIVE;LOWACTIVE;LOWACTIVE
16:06:18;LOWACTIVE;LOWACTIVE;LOWACTIVE;LOWACTIVE
16:06:19;LOWACTIVE;LOWACTIVE;LOWACTIVE;LOWACTIVE
16:06:20;LOWACTIVE;LOWACTIVE;LOWACTIVE;LOWACTIVE
16:06:21;LOWACTIVE;LOWACTIVE;LOWACTIVE;LOWACTIVE
16:06:22;LOWACTIVE;LOWACTIVE;LOWACTIVE;LOWACTIVE
16:06:23;LOWACTIVE;LOWACTIVE;LOWACTIVE;LOWACTIVE
16:06:24;LOWACTIVE;LOWACTIVE;LOWACTIVE;LOWACTIVE
16:06:25;LOWACTIVE;LOWACTIVE;LOWACTIVE;LOWACTIVE
16:06:26;LOWACTIVE;LOWACTIVE;LOWACTIVE;LOWACTIVE
16:06:27;LOWACTIVE;LOWACTIVE;LOWACTIVE;LOWACTIVE
16:06:28;LOWACTIVE;LOWACTIVE;LOWACTIVE;
16:06:29;;;;LOWACTIVE
16:06:30;LOWACTIVE;LOWACTIVE;LOWACTIVE;LOWACTIVE
16:06:31;LOWACTIVE;LOWACTIVE;LOWACTIVE;LOWACTIVE
16:06:32;LOWACTIVE;LOWACTIVE;LOWACTIVE;LOWACTIVE
16:06:33;LOWACTIVE;LOWACTIVE;LOWACTIVE;LOWACTIVE
16:06:34;LOWACTIVE;LOWACTIVE;LOWACTIVE;LOWACTIVE
16:06:35;LOWACTIVE;LOWACTIVE;LOWACTIVE;LOWACTIVE
16:06:36;LOWACTIVE;LOWACTIVE;LOWACTIVE;LOWACTIVE
16:06:37;LOWACTIVE;LOWACTIVE;LOWACTIVE;LOWACTIVE
16:06:38;LOWACTIVE;LOWACTIVE;LOWACTIVE;LOWACTIVE
16:06:39;LOWACTIVE;LOWACTIVE;LOWACTIVE;LOWACTIVE
16:06:40;LOWACTIVE;LOWACTIVE;LOWACTIVE;LOWACTIVE
16:06:41;LOWACTIVE;LOWACTIVE;LOWACTIVE;LOWACTIVE
16:06:42;LOWACTIVE;LOWACTIVE;LOWACTIVE;LOWACTIVE
16:06:43;LOWACTIVE;LOWACTIVE;LOWACTIVE;LOWACTIVE
16:06:44;LOWACTIVE;LOWACTIVE;LOWACTIVE;LOWACTIVE
16:06:45;LOWACTIVE;LOWACTIVE;LOWACTIVE;LOWACTIVE
16:06:46;LOWACTIVE;LOWACTIVE;LOWACTIVE;LOWACTIVE
16:06:47;LOWACTIVE;LOWACTIVE;LOWACTIVE;LOWACTIVE
16:06:48;LOWACTIVE;LOWACTIVE;LOWACTIVE;LOWACTIVE
16:06:49;LOWACTIVE;LOWACTIVE;LOWACTIVE;LOWACTIVE
16:06:50;LOWACTIVE;LOWACTIVE;LOWACTIVE;LOWACTIVE
16:06:51;LOWACTIVE;LOWACTIVE;LOWACTIVE;LOWACTIVE
16:06:52;LOWACTIVE;LOWACTIVE;LOWACTIVE;LOWACTIVE
16:06:54;LOWACTIVE;LOWACTIVE;LOWACTIVE;LOWACTIVE
16:06:55;LOWACTIVE;LOWACTIVE;LOWACTIVE;LOWACTIVE
16:06:56;LOWACTIVE;LOWACTIVE;LOWACTIVE;LOWACTIVE
16:06:57;LOWACTIVE;LOWACTIVE;LOWACTIVE;LOWACTIVE
16:06:58;LOWACTIVE;LOWACTIVE;LOWACTIVE;LOWACTIVE
16:06:59;LOWACTIVE;LOWACTIVE;LOWACTIVE;LOWACTIVE
16:07:00;LOWACTIVE;LOWACTIVE;LOWACTIVE;LOWACTIVE
16:07:01;LOWACTIVE;LOWACTIVE;LOWACTIVE;LOWACTIVE
16:07:02;LOWACTIVE;LOWACTIVE;LOWACTIVE;LOWACTIVE
16:07:03;LOWACTIVE;LOWACTIVE;LOWACTIVE;LOWACTIVE
16:07:04;LOWACTIVE;LOWACTIVE;LOWACTIVE;LOWACTIVE
16:07:05;LOWACTIVE;LOWACTIVE;LOWACTIVE;LOWACTIVE
16:07:06;LOWACTIVE;LOWACTIVE;LOWACTIVE;LOWACTIVE
16:07:07;LOWACTIVE;LOWACTIVE;LOWACTIVE;LOWACTIVE
16:07:08;LOWACTIVE;LOWACTIVE;LOWACTIVE;LOWACTIVE
16:07:09;LOWACTIVE;LOWACTIVE;LOWACTIVE;LOWACTIVE
16:07:10;LOWACTIVE;LOWACTIVE;LOWACTIVE;LOWACTIVE
16:07:11;LOWACTIVE;LOWACTIVE;LOWACTIVE;LOWACTIVE
16:07:12;LOWACTIVE;LOWACTIVE;LOWACTIVE;LOWACTIVE
16:07:13;LOWACTIVE;LOWACTIVE;LOWACTIVE;LOWACTIVE
16:07:14;LOWACTIVE;LOWACTIVE;LOWACTIVE;LOWACTIVE
16:07:15;LOWACTIVE;LOWACTIVE;LOWACTIVE;LOWACTIVE
16:07:16;LOWACTIVE;LOWACTIVE;LOWACTIVE;LOWACTIVE
16:07:18;LOWACTIVE;LOWACTIVE;LOWACTIVE;LOWACTIVE
16:07:19;LOWACTIVE;LOWACTIVE;LOWACTIVE;LOWACTIVE
16:07:20;LOWACTIVE;LOWACTIVE;LOWACTIVE;LOWACTIVE
16:07:21;LOWACTIVE;LOWACTIVE;LOWACTIVE;LOWACTIVE
16:07:22;LOWACTIVE;LOWACTIVE;LOWACTIVE;LOWACTIVE
16:07:23;LOWACTIVE;LOWACTIVE;LOWACTIVE;LOWACTIVE
16:07:24;LOWACTIVE;LOWACTIVE;LOWACTIVE;LOWACTIVE
16:07:25;LOWACTIVE;LOWACTIVE;LOWACTIVE;LOWACTIVE
16:07:26;LOWACTIVE;LOWACTIVE;LOWACTIVE;LOWACTIVE
16:07:27;LOWACTIVE;LOWACTIVE;LOWACTIVE;LOWACTIVE
16:07:28;LOWACTIVE;LOWACTIVE;LOWACTIVE;LOWACTIVE
